,Term,Subject,Gender,count,subject_totals,percent_subject,percent_wholeSchool,percentDifference
0,2000.5,ANTH,F,50,90,55.55555555555556,57.17783505154639,-1.6222794959908313
1,2000.5,ANTH,M,40,90,44.44444444444444,42.82216494845361,1.6222794959908313
2,2000.5,ART,F,222,335,66.26865671641791,57.17783505154639,9.09082166487152
3,2000.5,ART,M,113,335,33.731343283582085,42.82216494845361,-9.090821664871527
4,2000.5,ASNS,F,13,24,54.166666666666664,57.17783505154639,-3.011168384879724
5,2000.5,ASNS,M,11,24,45.83333333333333,42.82216494845361,3.011168384879717
6,2000.5,ASTR,F,106,196,54.08163265306123,57.17783505154639,-3.096202398485161
7,2000.5,ASTR,M,90,196,45.91836734693878,42.82216494845361,3.0962023984851683
8,2000.5,BCMB,F,16,26,61.53846153846154,57.17783505154639,4.360626486915152
9,2000.5,BCMB,M,10,26,38.46153846153847,42.82216494845361,-4.3606264869151445
10,2000.5,BIOL,F,354,530,66.79245283018868,57.17783505154639,9.614617778642291
11,2000.5,BIOL,M,176,530,33.20754716981132,42.82216494845361,-9.614617778642291
12,2000.5,CHEM,F,265,505,52.475247524752476,57.17783505154639,-4.702587526793913
13,2000.5,CHEM,M,240,505,47.524752475247524,42.82216494845361,4.702587526793913
14,2000.5,CHIN,F,10,18,55.55555555555556,57.17783505154639,-1.6222794959908313
15,2000.5,CHIN,M,8,18,44.44444444444444,42.82216494845361,1.6222794959908313
16,2000.5,CLAS,F,25,42,59.523809523809526,57.17783505154639,2.345974472263137
17,2000.5,CLAS,M,17,42,40.476190476190474,42.82216494845361,-2.345974472263137
18,2000.5,DANC,F,97,126,76.98412698412699,57.17783505154639,19.8062919325806
19,2000.5,DANC,M,29,126,23.015873015873016,42.82216494845361,-19.806291932580596
20,2000.5,ECON,F,72,190,37.89473684210527,57.17783505154639,-19.28309820944112
21,2000.5,ECON,M,118,190,62.10526315789474,42.82216494845361,19.28309820944113
22,2000.5,EDUC,F,108,147,73.46938775510205,57.17783505154639,16.29155270355566
23,2000.5,EDUC,M,39,147,26.53061224489796,42.82216494845361,-16.291552703555652
24,2000.5,ENGL,F,251,435,57.701149425287355,57.17783505154639,0.5233143737409662
25,2000.5,ENGL,M,184,435,42.298850574712645,42.82216494845361,-0.5233143737409662
26,2000.5,ENVS,F,39,65,60.0,57.17783505154639,2.8221649484536115
27,2000.5,ENVS,M,26,65,40.0,42.82216494845361,-2.8221649484536115
28,2000.5,FREN,F,91,116,78.44827586206897,57.17783505154639,21.27044081052258
29,2000.5,FREN,M,25,116,21.551724137931032,42.82216494845361,-21.27044081052258
30,2000.5,GENS,F,246,402,61.19402985074627,57.17783505154639,4.01619479919988
31,2000.5,GENS,M,156,402,38.80597014925373,42.82216494845361,-4.01619479919988
32,2000.5,GEOL,F,163,310,52.58064516129032,57.17783505154639,-4.597189890256068
33,2000.5,GEOL,M,147,310,47.41935483870968,42.82216494845361,4.597189890256068
34,2000.5,GERM,F,28,49,57.14285714285714,57.17783505154639,-0.03497790868924966
35,2000.5,GERM,M,21,49,42.857142857142854,42.82216494845361,0.034977908689242554
36,2000.5,GREK,F,7,15,46.666666666666664,57.17783505154639,-10.511168384879724
37,2000.5,GREK,M,8,15,53.333333333333336,42.82216494845361,10.511168384879724
38,2000.5,HIST,F,152,261,58.23754789272031,57.17783505154639,1.0597128411739192
39,2000.5,HIST,M,109,261,41.7624521072797,42.82216494845361,-1.059712841173912
40,2000.5,JPNS,F,16,20,80.0,57.17783505154639,22.82216494845361
41,2000.5,JPNS,M,4,20,20.0,42.82216494845361,-22.82216494845361
42,2000.5,LAT,F,14,21,66.66666666666666,57.17783505154639,9.488831615120269
43,2000.5,LAT,M,7,21,33.33333333333333,42.82216494845361,-9.488831615120283
44,2000.5,MATH,F,142,345,41.15942028985507,57.17783505154639,-16.018414761691318
45,2000.5,MATH,M,203,345,58.84057971014492,42.82216494845361,16.01841476169131
46,2000.5,MUS,F,420,785,53.503184713375795,57.17783505154639,-3.6746503381705935
47,2000.5,MUS,M,365,785,46.496815286624205,42.82216494845361,3.6746503381705935
48,2000.5,PHIL,F,117,273,42.857142857142854,57.17783505154639,-14.320692194403534
49,2000.5,PHIL,M,156,273,57.14285714285714,42.82216494845361,14.320692194403527
50,2000.5,PHYS,F,83,259,32.04633204633205,57.17783505154639,-25.13150300521434
51,2000.5,PHYS,M,176,259,67.95366795366795,42.82216494845361,25.131503005214334
52,2000.5,POL,F,148,295,50.16949152542372,57.17783505154639,-7.008343526122665
53,2000.5,POL,M,147,295,49.83050847457628,42.82216494845361,7.008343526122665
54,2000.5,PSYC,F,216,306,70.58823529411765,57.17783505154639,13.410400242571264
55,2000.5,PSYC,M,90,306,29.411764705882355,42.82216494845361,-13.410400242571257
56,2000.5,REL,F,102,166,61.44578313253012,57.17783505154639,4.267948080983729
57,2000.5,REL,M,64,166,38.55421686746988,42.82216494845361,-4.267948080983729
58,2000.5,RHET,F,31,85,36.470588235294116,57.17783505154639,-20.707246816252272
59,2000.5,RHET,M,54,85,63.52941176470588,42.82216494845361,20.707246816252265
60,2000.5,SOC,F,174,243,71.60493827160494,57.17783505154639,14.427103220058548
61,2000.5,SOC,M,69,243,28.39506172839506,42.82216494845361,-14.427103220058552
62,2000.5,SPAN,F,162,206,78.64077669902912,57.17783505154639,21.46294164748273
63,2000.5,SPAN,M,44,206,21.35922330097087,42.82216494845361,-21.46294164748274
64,2000.5,SSRA,F,335,586,57.16723549488054,57.17783505154639,-0.010599556665845
65,2000.5,SSRA,M,251,586,42.83276450511945,42.82216494845361,0.010599556665837895
66,2000.5,THTR,F,129,228,56.57894736842105,57.17783505154639,-0.5988876831253407
67,2000.5,THTR,M,99,228,43.42105263157895,42.82216494845361,0.5988876831253407
68,2000.5,WLIT,F,32,50,64.0,57.17783505154639,6.8221649484536115
69,2000.5,WLIT,M,18,50,36.0,42.82216494845361,-6.8221649484536115
70,2001.0,ANTH,F,64,109,58.71559633027523,57.539994754786264,1.1756015754889688
71,2001.0,ANTH,M,45,109,41.284403669724774,42.460005245213736,-1.1756015754889617
72,2001.0,ART,F,237,351,67.52136752136752,57.539994754786264,9.98137276658126
73,2001.0,ART,M,114,351,32.47863247863248,42.460005245213736,-9.98137276658126
74,2001.0,ASNS,F,7,18,38.88888888888889,57.539994754786264,-18.65110586589737
75,2001.0,ASNS,M,11,18,61.111111111111114,42.460005245213736,18.651105865897378
76,2001.0,ASTR,F,59,130,45.38461538461539,57.539994754786264,-12.155379370170877
77,2001.0,ASTR,M,71,130,54.61538461538461,42.460005245213736,12.155379370170877
78,2001.0,BCMB,F,26,55,47.27272727272727,57.539994754786264,-10.26726748205899
79,2001.0,BCMB,M,29,55,52.72727272727272,42.460005245213736,10.267267482058983
80,2001.0,BIOL,F,359,543,66.11418047882137,57.539994754786264,8.574185724035104
81,2001.0,BIOL,M,184,543,33.88581952117864,42.460005245213736,-8.574185724035097
82,2001.0,CHEM,F,220,403,54.59057071960298,57.539994754786264,-2.9494240351832843
83,2001.0,CHEM,M,183,403,45.40942928039702,42.460005245213736,2.9494240351832843
84,2001.0,CHIN,F,9,18,50.0,57.539994754786264,-7.539994754786264
85,2001.0,CHIN,M,9,18,50.0,42.460005245213736,7.539994754786264
86,2001.0,CLAS,F,21,32,65.625,57.539994754786264,8.085005245213736
87,2001.0,CLAS,M,11,32,34.375,42.460005245213736,-8.085005245213736
88,2001.0,DANC,F,104,133,78.19548872180451,57.539994754786264,20.655493967018245
89,2001.0,DANC,M,29,133,21.804511278195488,42.460005245213736,-20.65549396701825
90,2001.0,ECON,F,59,188,31.382978723404253,57.539994754786264,-26.15701603138201
91,2001.0,ECON,M,129,188,68.61702127659575,42.460005245213736,26.157016031382014
92,2001.0,EDUC,F,112,138,81.15942028985508,57.539994754786264,23.619425535068814
93,2001.0,EDUC,M,26,138,18.84057971014493,42.460005245213736,-23.619425535068807
94,2001.0,ENGL,F,254,470,54.04255319148936,57.539994754786264,-3.4974415632969027
95,2001.0,ENGL,M,216,470,45.95744680851064,42.460005245213736,3.4974415632969027
96,2001.0,ENVS,F,73,104,70.1923076923077,57.539994754786264,12.65231293752143
97,2001.0,ENVS,M,31,104,29.807692307692307,42.460005245213736,-12.65231293752143
98,2001.0,FREN,F,76,93,81.72043010752688,57.539994754786264,24.180435352740616
99,2001.0,FREN,M,17,93,18.27956989247312,42.460005245213736,-24.180435352740616
100,2001.0,GENS,F,254,402,63.18407960199005,57.539994754786264,5.644084847203786
101,2001.0,GENS,M,148,402,36.81592039800995,42.460005245213736,-5.644084847203786
102,2001.0,GEOL,F,171,344,49.7093023255814,57.539994754786264,-7.830692429204866
103,2001.0,GEOL,M,173,344,50.2906976744186,42.460005245213736,7.830692429204866
104,2001.0,GERM,F,30,50,60.0,57.539994754786264,2.460005245213736
105,2001.0,GERM,M,20,50,40.0,42.460005245213736,-2.460005245213736
106,2001.0,GNDS,F,27,35,77.14285714285715,57.539994754786264,19.60286238807089
107,2001.0,GNDS,M,8,35,22.857142857142858,42.460005245213736,-19.60286238807088
108,2001.0,GREK,F,7,12,58.333333333333336,57.539994754786264,0.7933385785470719
109,2001.0,GREK,M,5,12,41.66666666666667,42.460005245213736,-0.7933385785470648
110,2001.0,HIST,F,183,339,53.98230088495575,57.539994754786264,-3.5576938698305156
111,2001.0,HIST,M,156,339,46.017699115044245,42.460005245213736,3.5576938698305085
112,2001.0,IDSC,F,5,10,50.0,57.539994754786264,-7.539994754786264
113,2001.0,IDSC,M,5,10,50.0,42.460005245213736,7.539994754786264
114,2001.0,JPNS,F,13,16,81.25,57.539994754786264,23.710005245213736
115,2001.0,JPNS,M,3,16,18.75,42.460005245213736,-23.710005245213736
116,2001.0,LAT,F,8,15,53.333333333333336,57.539994754786264,-4.206661421452928
117,2001.0,LAT,M,7,15,46.666666666666664,42.460005245213736,4.206661421452928
118,2001.0,MATH,F,109,257,42.4124513618677,57.539994754786264,-15.127543392918561
119,2001.0,MATH,M,148,257,57.58754863813229,42.460005245213736,15.127543392918554
120,2001.0,MUS,F,402,680,59.11764705882353,57.539994754786264,1.5776523040372652
121,2001.0,MUS,M,278,680,40.88235294117647,42.460005245213736,-1.5776523040372652
122,2001.0,PHIL,F,104,246,42.27642276422765,57.539994754786264,-15.263571990558617
123,2001.0,PHIL,M,142,246,57.72357723577236,42.460005245213736,15.263571990558624
124,2001.0,PHYS,F,69,207,33.33333333333333,57.539994754786264,-24.206661421452935
125,2001.0,PHYS,M,138,207,66.66666666666666,42.460005245213736,24.20666142145292
126,2001.0,POL,F,160,285,56.14035087719298,57.539994754786264,-1.3996438775932845
127,2001.0,POL,M,125,285,43.859649122807014,42.460005245213736,1.3996438775932774
128,2001.0,PSYC,F,252,356,70.78651685393258,57.539994754786264,13.246522099146318
129,2001.0,PSYC,M,104,356,29.213483146067414,42.460005245213736,-13.246522099146322
130,2001.0,REL,F,60,111,54.054054054054056,57.539994754786264,-3.4859407007322076
131,2001.0,REL,M,51,111,45.94594594594595,42.460005245213736,3.4859407007322147
132,2001.0,RHET,F,23,72,31.944444444444443,57.539994754786264,-25.59555031034182
133,2001.0,RHET,M,49,72,68.05555555555556,42.460005245213736,25.59555031034182
134,2001.0,SOC,F,175,261,67.04980842911877,57.539994754786264,9.509813674332506
135,2001.0,SOC,M,86,261,32.95019157088122,42.460005245213736,-9.509813674332513
136,2001.0,SPAN,F,109,129,84.49612403100775,57.539994754786264,26.95612927622149
137,2001.0,SPAN,M,20,129,15.503875968992247,42.460005245213736,-26.95612927622149
138,2001.0,SSRA,F,393,712,55.19662921348315,57.539994754786264,-2.3433655413031147
139,2001.0,SSRA,M,319,712,44.80337078651686,42.460005245213736,2.343365541303122
140,2001.0,THTR,F,112,224,50.0,57.539994754786264,-7.539994754786264
141,2001.0,THTR,M,112,224,50.0,42.460005245213736,7.539994754786264
142,2001.0,WLIT,F,36,66,54.54545454545454,57.539994754786264,-2.994540209331724
143,2001.0,WLIT,M,30,66,45.45454545454545,42.460005245213736,2.994540209331717
144,2001.5,ANTH,F,49,100,49.0,55.12511113933698,-6.12511113933698
145,2001.5,ANTH,M,51,100,51.0,44.87488886066303,6.125111139336973
146,2001.5,ARTH,F,52,85,61.1764705882353,55.12511113933698,6.051359448898317
147,2001.5,ARTH,M,33,85,38.82352941176471,44.87488886066303,-6.051359448898317
148,2001.5,ARTS,F,181,284,63.732394366197184,55.12511113933698,8.607283226860204
149,2001.5,ARTS,M,103,284,36.267605633802816,44.87488886066303,-8.607283226860211
150,2001.5,ASNS,F,12,23,52.17391304347826,55.12511113933698,-2.9511980958587216
151,2001.5,ASNS,M,11,23,47.82608695652174,44.87488886066303,2.9511980958587145
152,2001.5,ASTR,F,108,240,45.0,55.12511113933698,-10.12511113933698
153,2001.5,ASTR,M,132,240,55.00000000000001,44.87488886066303,10.12511113933698
154,2001.5,BBMB,F,7,24,29.166666666666668,55.12511113933698,-25.958444472670312
155,2001.5,BBMB,M,17,24,70.83333333333334,44.87488886066303,25.958444472670315
156,2001.5,BIOL,F,332,550,60.36363636363637,55.12511113933698,5.238525224299387
157,2001.5,BIOL,M,218,550,39.63636363636363,44.87488886066303,-5.238525224299394
158,2001.5,CHEM,F,231,429,53.84615384615385,55.12511113933698,-1.278957293183133
159,2001.5,CHEM,M,198,429,46.15384615384615,44.87488886066303,1.278957293183126
160,2001.5,CHIN,F,21,39,53.84615384615385,55.12511113933698,-1.278957293183133
161,2001.5,CHIN,M,18,39,46.15384615384615,44.87488886066303,1.278957293183126
162,2001.5,CLAS,F,20,24,83.33333333333334,55.12511113933698,28.208222193996363
163,2001.5,CLAS,M,4,24,16.666666666666664,44.87488886066303,-28.208222193996363
164,2001.5,DANC,F,105,128,82.03125,55.12511113933698,26.90613886066302
165,2001.5,DANC,M,23,128,17.96875,44.87488886066303,-26.906138860663027
166,2001.5,ECON,F,55,167,32.93413173652694,55.12511113933698,-22.190979402810036
167,2001.5,ECON,M,112,167,67.06586826347305,44.87488886066303,22.190979402810022
168,2001.5,EDUC,F,86,118,72.88135593220339,55.12511113933698,17.75624479286641
169,2001.5,EDUC,M,32,118,27.11864406779661,44.87488886066303,-17.75624479286642
170,2001.5,ENGL,F,228,394,57.868020304568525,55.12511113933698,2.742909165231545
171,2001.5,ENGL,M,166,394,42.13197969543147,44.87488886066303,-2.742909165231559
172,2001.5,ENVS,F,59,97,60.824742268041234,55.12511113933698,5.6996311287042545
173,2001.5,ENVS,M,38,97,39.175257731958766,44.87488886066303,-5.699631128704262
174,2001.5,FREN,F,86,122,70.49180327868852,55.12511113933698,15.366692139351542
175,2001.5,FREN,M,36,122,29.508196721311474,44.87488886066303,-15.366692139351553
176,2001.5,GENS,F,227,420,54.047619047619044,55.12511113933698,-1.0774920917179358
177,2001.5,GENS,M,193,420,45.95238095238095,44.87488886066303,1.0774920917179216
178,2001.5,GEOL,F,98,243,40.32921810699588,55.12511113933698,-14.795893032341098
179,2001.5,GEOL,M,145,243,59.67078189300411,44.87488886066303,14.795893032341084
180,2001.5,GERM,F,27,47,57.446808510638306,55.12511113933698,2.321697371301326
181,2001.5,GERM,M,20,47,42.5531914893617,44.87488886066303,-2.321697371301326
182,2001.5,HIST,F,161,319,50.470219435736674,55.12511113933698,-4.654891703600306
183,2001.5,HIST,M,158,319,49.52978056426332,44.87488886066303,4.654891703600292
184,2001.5,JPNS,F,19,36,52.77777777777778,55.12511113933698,-2.347333361559201
185,2001.5,JPNS,M,17,36,47.22222222222222,44.87488886066303,2.347333361559194
186,2001.5,LAT,F,18,25,72.0,55.12511113933698,16.87488886066302
187,2001.5,LAT,M,7,25,28.000000000000004,44.87488886066303,-16.874888860663024
188,2001.5,LING,F,8,14,57.14285714285714,55.12511113933698,2.017746003520159
189,2001.5,LING,M,6,14,42.857142857142854,44.87488886066303,-2.0177460035201733
190,2001.5,MATH,F,136,331,41.08761329305136,55.12511113933698,-14.037497846285618
191,2001.5,MATH,M,195,331,58.91238670694864,44.87488886066303,14.03749784628561
192,2001.5,MUS,F,405,750,54.0,55.12511113933698,-1.1251111393369797
193,2001.5,MUS,M,345,750,46.0,44.87488886066303,1.1251111393369726
194,2001.5,PHIL,F,108,220,49.09090909090909,55.12511113933698,-6.034202048427886
195,2001.5,PHIL,M,112,220,50.90909090909091,44.87488886066303,6.034202048427879
196,2001.5,PHYS,F,110,309,35.59870550161812,55.12511113933698,-19.52640563771886
197,2001.5,PHYS,M,199,309,64.40129449838187,44.87488886066303,19.526405637718845
198,2001.5,POL,F,158,317,49.8422712933754,55.12511113933698,-5.282839845961583
199,2001.5,POL,M,159,317,50.1577287066246,44.87488886066303,5.2828398459615755
200,2001.5,PSYC,F,279,380,73.42105263157895,55.12511113933698,18.295941492241965
201,2001.5,PSYC,M,101,380,26.57894736842105,44.87488886066303,-18.295941492241976
202,2001.5,REL,F,151,247,61.1336032388664,55.12511113933698,6.00849209952942
203,2001.5,REL,M,96,247,38.8663967611336,44.87488886066303,-6.008492099529427
204,2001.5,RFS,F,46,119,38.655462184873954,55.12511113933698,-16.469648954463025
205,2001.5,RFS,M,73,119,61.34453781512605,44.87488886066303,16.469648954463025
206,2001.5,SOC,F,178,263,67.68060836501901,55.12511113933698,12.555497225682032
207,2001.5,SOC,M,85,263,32.31939163498099,44.87488886066303,-12.55549722568204
208,2001.5,SPAN,F,120,180,66.66666666666666,55.12511113933698,11.541555527329677
209,2001.5,SPAN,M,60,180,33.33333333333333,44.87488886066303,-11.541555527329699
210,2001.5,SSRA,F,277,497,55.73440643863179,55.12511113933698,0.6092952992948071
211,2001.5,SSRA,M,220,497,44.26559356136821,44.87488886066303,-0.6092952992948142
212,2001.5,THTR,F,140,270,51.85185185185185,55.12511113933698,-3.273259287485132
213,2001.5,THTR,M,130,270,48.148148148148145,44.87488886066303,3.273259287485118
214,2001.5,WLIT,F,35,50,70.0,55.12511113933698,14.87488886066302
215,2001.5,WLIT,M,15,50,30.0,44.87488886066303,-14.874888860663027
216,2002.0,ANTH,F,73,131,55.72519083969466,54.80327031170158,0.9219205279930804
217,2002.0,ANTH,M,58,131,44.274809160305345,45.19672968829841,-0.9219205279930662
218,2002.0,ARTH,F,95,131,72.51908396946564,54.80327031170158,17.71581365776406
219,2002.0,ARTH,M,36,131,27.480916030534353,45.19672968829841,-17.71581365776406
220,2002.0,ARTS,F,147,249,59.036144578313255,54.80327031170158,4.232874266611674
221,2002.0,ARTS,M,102,249,40.963855421686745,45.19672968829841,-4.232874266611667
222,2002.0,ASNS,F,11,19,57.89473684210527,54.80327031170158,3.091466530403686
223,2002.0,ASNS,M,8,19,42.10526315789473,45.19672968829841,-3.091466530403679
224,2002.0,ASTR,F,62,172,36.04651162790697,54.80327031170158,-18.756758683794608
225,2002.0,ASTR,M,110,172,63.95348837209303,45.19672968829841,18.756758683794615
226,2002.0,BBMB,F,20,59,33.89830508474576,54.80327031170158,-20.904965226955824
227,2002.0,BBMB,M,39,59,66.10169491525424,45.19672968829841,20.90496522695583
228,2002.0,BIOL,F,327,567,57.67195767195767,54.80327031170158,2.8686873602560894
229,2002.0,BIOL,M,240,567,42.32804232804233,45.19672968829841,-2.8686873602560823
230,2002.0,CHEM,F,224,414,54.106280193236714,54.80327031170158,-0.6969901184648677
231,2002.0,CHEM,M,190,414,45.893719806763286,45.19672968829841,0.6969901184648748
232,2002.0,CHIN,F,25,40,62.5,54.80327031170158,7.696729688298419
233,2002.0,CHIN,M,15,40,37.5,45.19672968829841,-7.6967296882984115
234,2002.0,CLAS,F,9,18,50.0,54.80327031170158,-4.803270311701581
235,2002.0,CLAS,M,9,18,50.0,45.19672968829841,4.8032703117015885
236,2002.0,DANC,F,98,122,80.32786885245902,54.80327031170158,25.524598540757438
237,2002.0,DANC,M,24,122,19.672131147540984,45.19672968829841,-25.524598540757427
238,2002.0,ECON,F,67,202,33.16831683168317,54.80327031170158,-21.63495348001841
239,2002.0,ECON,M,135,202,66.83168316831683,45.19672968829841,21.634953480018417
240,2002.0,EDUC,F,68,98,69.38775510204081,54.80327031170158,14.584484790339232
241,2002.0,EDUC,M,30,98,30.612244897959183,45.19672968829841,-14.584484790339229
242,2002.0,ENGL,F,224,377,59.41644562334217,54.80327031170158,4.613175311640589
243,2002.0,ENGL,M,153,377,40.58355437665783,45.19672968829841,-4.613175311640582
244,2002.0,ENVS,F,173,285,60.70175438596491,54.80327031170158,5.8984840742633295
245,2002.0,ENVS,M,112,285,39.29824561403509,45.19672968829841,-5.898484074263322
246,2002.0,FREN,F,70,90,77.77777777777779,54.80327031170158,22.974507466076204
247,2002.0,FREN,M,20,90,22.22222222222222,45.19672968829841,-22.97450746607619
248,2002.0,GENS,F,224,406,55.172413793103445,54.80327031170158,0.3691434814018635
249,2002.0,GENS,M,182,406,44.827586206896555,45.19672968829841,-0.3691434814018564
250,2002.0,GEOL,F,118,261,45.21072796934866,54.80327031170158,-9.592542342352921
251,2002.0,GEOL,M,143,261,54.78927203065134,45.19672968829841,9.592542342352928
252,2002.0,GERM,F,15,30,50.0,54.80327031170158,-4.803270311701581
253,2002.0,GERM,M,15,30,50.0,45.19672968829841,4.8032703117015885
254,2002.0,GNDS,F,19,22,86.36363636363636,54.80327031170158,31.56036605193478
255,2002.0,GNDS,M,3,22,13.636363636363635,45.19672968829841,-31.56036605193478
256,2002.0,HIST,F,155,308,50.324675324675326,54.80327031170158,-4.478594987026256
257,2002.0,HIST,M,153,308,49.67532467532468,45.19672968829841,4.47859498702627
258,2002.0,JPNS,F,15,26,57.692307692307686,54.80327031170158,2.889037380606105
259,2002.0,JPNS,M,11,26,42.30769230769231,45.19672968829841,-2.889037380606105
260,2002.0,LAT,F,13,17,76.47058823529412,54.80327031170158,21.667317923592535
261,2002.0,LAT,M,4,17,23.52941176470588,45.19672968829841,-21.66731792359253
262,2002.0,LING,F,10,22,45.45454545454545,54.80327031170158,-9.348724857156128
263,2002.0,LING,M,12,22,54.54545454545454,45.19672968829841,9.348724857156128
264,2002.0,MATH,F,111,265,41.88679245283019,54.80327031170158,-12.916477858871389
265,2002.0,MATH,M,154,265,58.11320754716981,45.19672968829841,12.916477858871396
266,2002.0,MUS,F,374,674,55.48961424332344,54.80327031170158,0.686343931621856
267,2002.0,MUS,M,300,674,44.510385756676556,45.19672968829841,-0.686343931621856
268,2002.0,PHIL,F,112,230,48.69565217391305,54.80327031170158,-6.107618137788535
269,2002.0,PHIL,M,118,230,51.30434782608696,45.19672968829841,6.107618137788549
270,2002.0,PHYS,F,99,280,35.35714285714286,54.80327031170158,-19.44612745455872
271,2002.0,PHYS,M,181,280,64.64285714285715,45.19672968829841,19.44612745455874
272,2002.0,POL,F,174,332,52.40963855421686,54.80327031170158,-2.3936317574847195
273,2002.0,POL,M,158,332,47.59036144578313,45.19672968829841,2.3936317574847195
274,2002.0,PSYC,F,306,419,73.0310262529833,54.80327031170158,18.227755941281714
275,2002.0,PSYC,M,113,419,26.968973747016705,45.19672968829841,-18.227755941281707
276,2002.0,REL,F,75,125,60.0,54.80327031170158,5.196729688298419
277,2002.0,REL,M,50,125,40.0,45.19672968829841,-5.1967296882984115
278,2002.0,RFS,F,57,150,38.0,54.80327031170158,-16.80327031170158
279,2002.0,RFS,M,93,150,62.0,45.19672968829841,16.80327031170159
280,2002.0,SOC,F,135,184,73.36956521739131,54.80327031170158,18.56629490568973
281,2002.0,SOC,M,49,184,26.6304347826087,45.19672968829841,-18.566294905689713
282,2002.0,SPAN,F,92,132,69.6969696969697,54.80327031170158,14.893699385268121
283,2002.0,SPAN,M,40,132,30.303030303030305,45.19672968829841,-14.893699385268107
284,2002.0,SSRA,F,332,647,51.31375579598145,54.80327031170158,-3.4895145157201313
285,2002.0,SSRA,M,315,647,48.68624420401855,45.19672968829841,3.4895145157201384
286,2002.0,THTR,F,121,251,48.20717131474104,54.80327031170158,-6.596098996960542
287,2002.0,THTR,M,130,251,51.79282868525896,45.19672968829841,6.596098996960549
288,2002.0,WLIT,F,34,62,54.83870967741935,54.80327031170158,0.035439365717770954
289,2002.0,WLIT,M,28,62,45.16129032258064,45.19672968829841,-0.035439365717770954
290,2002.5,ANTH,F,60,97,61.855670103092784,56.86471548800402,4.990954615088761
291,2002.5,ANTH,M,37,97,38.144329896907216,43.12272327597036,-4.978393379063142
292,2002.5,ARTH,F,54,79,68.35443037974683,56.86471548800402,11.489714891742807
293,2002.5,ARTH,M,25,79,31.645569620253166,43.12272327597036,-11.477153655717192
294,2002.5,ARTS,F,166,243,68.3127572016461,56.86471548800402,11.44804171364207
295,2002.5,ARTS,M,77,243,31.68724279835391,43.12272327597036,-11.435480477616448
296,2002.5,ASNS,F,10,14,71.42857142857143,56.86471548800402,14.563855940567407
297,2002.5,ASNS,M,4,14,28.57142857142857,43.12272327597036,-14.551294704541789
298,2002.5,ASTR,F,85,159,53.459119496855344,56.86471548800402,-3.4055959911486795
299,2002.5,ASTR,M,74,159,46.540880503144656,43.12272327597036,3.418157227174298
300,2002.5,BBMB,F,15,36,41.66666666666667,56.86471548800402,-15.198048821337352
301,2002.5,BBMB,M,21,36,58.333333333333336,43.12272327597036,15.210610057362977
302,2002.5,BIOL,F,383,604,63.41059602649006,56.86471548800402,6.545880538486038
303,2002.5,BIOL,M,221,604,36.58940397350993,43.12272327597036,-6.533319302460427
304,2002.5,CHEM,F,280,467,59.95717344753747,56.86471548800402,3.092457959533448
305,2002.5,CHEM,M,187,467,40.04282655246253,43.12272327597036,-3.0798967235078294
306,2002.5,CHIN,F,17,34,50.0,56.86471548800402,-6.864715488004023
307,2002.5,CHIN,M,17,34,50.0,43.12272327597036,6.877276724029642
308,2002.5,CLAS,F,23,45,51.11111111111111,56.86471548800402,-5.753604376892916
309,2002.5,CLAS,M,22,45,48.888888888888886,43.12272327597036,5.7661656129185275
310,2002.5,DANC,F,127,161,78.88198757763976,56.86471548800402,22.01727208963574
311,2002.5,DANC,M,34,161,21.11801242236025,43.12272327597036,-22.00471085361011
312,2002.5,ECON,F,66,197,33.50253807106599,56.86471548800402,-23.36217741693803
313,2002.5,ECON,M,131,197,66.49746192893402,43.12272327597036,23.374738652963657
314,2002.5,EDUC,F,77,91,84.61538461538461,56.86471548800402,27.75066912738059
315,2002.5,EDUC,M,14,91,15.384615384615385,43.12272327597036,-27.73810789135497
316,2002.5,ENGL,F,237,406,58.3743842364532,56.86471548800402,1.5096687484491795
317,2002.5,ENGL,M,169,406,41.6256157635468,43.12272327597036,-1.497107512423561
318,2002.5,ENVS,F,65,117,55.55555555555556,56.86471548800402,-1.3091599324484662
319,2002.5,ENVS,M,52,117,44.44444444444444,43.12272327597036,1.3217211684740846
320,2002.5,FREN,F,98,127,77.16535433070865,56.86471548800402,20.30063884270463
321,2002.5,FREN,M,29,127,22.83464566929134,43.12272327597036,-20.288077606679018
322,2002.5,GENS,F,262,435,60.229885057471265,56.86471548800402,3.365169569467241
323,2002.5,GENS,M,173,435,39.770114942528735,43.12272327597036,-3.352608333441623
324,2002.5,GEOL,F,118,231,51.082251082251084,56.86471548800402,-5.78246440575294
325,2002.5,GEOL,M,113,231,48.917748917748916,43.12272327597036,5.795025641778558
326,2002.5,GERM,F,26,46,56.52173913043478,56.86471548800402,-0.34297635756924194
327,2002.5,GERM,M,20,46,43.47826086956522,43.12272327597036,0.35553759359486037
328,2002.5,GNDS,F,17,20,85.0,56.86471548800402,28.135284511995977
329,2002.5,GNDS,M,3,20,15.0,43.12272327597036,-28.12272327597036
330,2002.5,HIST,F,140,275,50.90909090909091,56.86471548800402,-5.955624578913117
331,2002.5,HIST,M,135,275,49.09090909090909,43.12272327597036,5.968185814938735
332,2002.5,JPNS,F,31,44,70.45454545454545,56.86471548800402,13.58982996654143
333,2002.5,JPNS,M,13,44,29.545454545454547,43.12272327597036,-13.577268730515812
334,2002.5,LAT,F,11,18,61.111111111111114,56.86471548800402,4.246395623107091
335,2002.5,LAT,M,7,18,38.88888888888889,43.12272327597036,-4.233834387081465
336,2002.5,MATH,F,173,384,45.05208333333333,56.86471548800402,-11.812632154670695
337,2002.5,MATH,M,211,384,54.947916666666664,43.12272327597036,11.825193390696306
338,2002.5,MUS,F,400,764,52.35602094240838,56.86471548800402,-4.508694545595645
339,2002.5,MUS,M,364,764,47.64397905759162,43.12272327597036,4.521255781621264
340,2002.5,PHIL,F,121,268,45.149253731343286,56.86471548800402,-11.715461756660737
341,2002.5,PHIL,M,147,268,54.850746268656714,43.12272327597036,11.728022992686356
342,2002.5,PHYS,F,77,284,27.11267605633803,56.86471548800402,-29.75203943166599
343,2002.5,PHYS,M,207,284,72.88732394366197,43.12272327597036,29.76460066769161
344,2002.5,POL,F,164,300,54.666666666666664,56.86471548800402,-2.198048821337359
345,2002.5,POL,M,136,300,45.33333333333333,43.12272327597036,2.2106100573629703
346,2002.5,PSYC,F,290,408,71.07843137254902,56.86471548800402,14.213715884544996
347,2002.5,PSYC,M,118,408,28.921568627450984,43.12272327597036,-14.201154648519374
348,2002.5,REL,F,111,184,60.32608695652174,56.86471548800402,3.4613714685177186
349,2002.5,REL,M,72,184,39.130434782608695,43.12272327597036,-3.992288493361663
350,2002.5,REL,U,1,184,0.5434782608695652,0.012561236025624922,0.5309170248439403
351,2002.5,RFS,F,65,172,37.7906976744186,56.86471548800402,-19.07401781358542
352,2002.5,RFS,M,107,172,62.2093023255814,43.12272327597036,19.08657904961104
353,2002.5,SOC,F,207,277,74.72924187725631,56.86471548800402,17.86452638925229
354,2002.5,SOC,M,70,277,25.27075812274368,43.12272327597036,-17.85196515322668
355,2002.5,SPAN,F,114,158,72.15189873417721,56.86471548800402,15.287183246173186
356,2002.5,SPAN,M,44,158,27.848101265822784,43.12272327597036,-15.274622010147574
357,2002.5,SSRA,F,280,523,53.53728489483748,56.86471548800402,-3.3274305931665467
358,2002.5,SSRA,M,243,523,46.46271510516252,43.12272327597036,3.339991829192165
359,2002.5,THTR,F,116,229,50.65502183406113,56.86471548800402,-6.209693653942892
360,2002.5,THTR,M,113,229,49.34497816593886,43.12272327597036,6.222254889968504
361,2002.5,WLIT,F,31,48,64.58333333333334,56.86471548800402,7.7186178453293195
362,2002.5,WLIT,M,17,48,35.41666666666667,43.12272327597036,-7.706056609303687
363,2003.0,ANTH,F,55,100,55.00000000000001,56.19824016563147,-1.1982401656314607
364,2003.0,ANTH,M,45,100,45.0,43.80175983436854,1.1982401656314607
365,2003.0,ARTH,F,87,123,70.73170731707317,56.19824016563147,14.533467151441705
366,2003.0,ARTH,M,36,123,29.268292682926827,43.80175983436854,-14.533467151441712
367,2003.0,ARTS,F,193,285,67.71929824561404,56.19824016563147,11.521058079982573
368,2003.0,ARTS,M,92,285,32.280701754385966,43.80175983436854,-11.521058079982573
369,2003.0,ASNS,F,10,14,71.42857142857143,56.19824016563147,15.230331262939963
370,2003.0,ASNS,M,4,14,28.57142857142857,43.80175983436854,-15.23033126293997
371,2003.0,ASTR,F,88,203,43.34975369458128,56.19824016563147,-12.848486471050187
372,2003.0,ASTR,M,115,203,56.65024630541872,43.80175983436854,12.84848647105018
373,2003.0,BBMB,F,40,92,43.47826086956522,56.19824016563147,-12.71997929606625
374,2003.0,BBMB,M,52,92,56.52173913043478,43.80175983436854,12.719979296066242
375,2003.0,BIOL,F,306,513,59.64912280701754,56.19824016563147,3.450882641386073
376,2003.0,BIOL,M,207,513,40.35087719298245,43.80175983436854,-3.4508826413860874
377,2003.0,CHEM,F,243,406,59.85221674876847,56.19824016563147,3.653976583137002
378,2003.0,CHEM,M,163,406,40.14778325123153,43.80175983436854,-3.653976583137009
379,2003.0,CHIN,F,14,30,46.666666666666664,56.19824016563147,-9.531573498964804
380,2003.0,CHIN,M,16,30,53.333333333333336,43.80175983436854,9.531573498964796
381,2003.0,CLAS,F,8,16,50.0,56.19824016563147,-6.198240165631468
382,2003.0,CLAS,M,8,16,50.0,43.80175983436854,6.198240165631461
383,2003.0,DANC,F,125,159,78.61635220125787,56.19824016563147,22.4181120356264
384,2003.0,DANC,M,34,159,21.38364779874214,43.80175983436854,-22.4181120356264
385,2003.0,ECON,F,78,209,37.32057416267943,56.19824016563147,-18.87766600295204
386,2003.0,ECON,M,131,209,62.67942583732058,43.80175983436854,18.87766600295204
387,2003.0,EDUC,F,66,101,65.34653465346535,56.19824016563147,9.148294487833887
388,2003.0,EDUC,M,35,101,34.65346534653465,43.80175983436854,-9.148294487833887
389,2003.0,ENGL,F,204,357,57.14285714285714,56.19824016563147,0.944616977225671
390,2003.0,ENGL,M,153,357,42.857142857142854,43.80175983436854,-0.9446169772256852
391,2003.0,ENVS,F,59,94,62.76595744680851,56.19824016563147,6.567717281177039
392,2003.0,ENVS,M,35,94,37.234042553191486,43.80175983436854,-6.567717281177053
393,2003.0,FREN,F,75,92,81.52173913043478,56.19824016563147,25.323498964803314
394,2003.0,FREN,M,17,92,18.478260869565215,43.80175983436854,-25.323498964803324
395,2003.0,GENS,F,248,418,59.33014354066985,56.19824016563147,3.131903375038384
396,2003.0,GENS,M,170,418,40.66985645933015,43.80175983436854,-3.131903375038391
397,2003.0,GEOL,F,169,288,58.68055555555556,56.19824016563147,2.4823153899240893
398,2003.0,GEOL,M,119,288,41.31944444444444,43.80175983436854,-2.4823153899240964
399,2003.0,GERM,F,24,46,52.17391304347826,56.19824016563147,-4.02432712215321
400,2003.0,GERM,M,22,46,47.82608695652174,43.80175983436854,4.024327122153203
401,2003.0,HIST,F,166,330,50.303030303030305,56.19824016563147,-5.895209862601163
402,2003.0,HIST,M,164,330,49.696969696969695,43.80175983436854,5.895209862601156
403,2003.0,JPNS,F,20,32,62.5,56.19824016563147,6.301759834368532
404,2003.0,JPNS,M,12,32,37.5,43.80175983436854,-6.301759834368539
405,2003.0,LAT,F,11,17,64.70588235294117,56.19824016563147,8.507642187309706
406,2003.0,LAT,M,6,17,35.294117647058826,43.80175983436854,-8.507642187309713
407,2003.0,MATH,F,126,295,42.71186440677966,56.19824016563147,-13.486375758851807
408,2003.0,MATH,M,169,295,57.28813559322033,43.80175983436854,13.486375758851793
409,2003.0,MUS,F,389,730,53.28767123287671,56.19824016563147,-2.9105689327547566
410,2003.0,MUS,M,341,730,46.71232876712329,43.80175983436854,2.9105689327547495
411,2003.0,PHIL,F,86,181,47.51381215469613,56.19824016563147,-8.684428010935335
412,2003.0,PHIL,M,95,181,52.48618784530387,43.80175983436854,8.684428010935328
413,2003.0,PHYS,F,72,261,27.586206896551722,56.19824016563147,-28.612033269079745
414,2003.0,PHYS,M,189,261,72.41379310344827,43.80175983436854,28.61203326907973
415,2003.0,POL,F,147,289,50.86505190311419,56.19824016563147,-5.333188262517275
416,2003.0,POL,M,142,289,49.13494809688581,43.80175983436854,5.333188262517268
417,2003.0,PSYC,F,263,370,71.08108108108108,56.19824016563147,14.882840915449613
418,2003.0,PSYC,M,107,370,28.91891891891892,43.80175983436854,-14.88284091544962
419,2003.0,REL,F,75,144,52.083333333333336,56.19824016563147,-4.114906832298132
420,2003.0,REL,M,69,144,47.91666666666667,43.80175983436854,4.114906832298132
421,2003.0,RFS,F,49,124,39.516129032258064,56.19824016563147,-16.682111133373404
422,2003.0,RFS,M,75,124,60.483870967741936,43.80175983436854,16.682111133373397
423,2003.0,SOC,F,174,243,71.60493827160494,56.19824016563147,15.406698105973469
424,2003.0,SOC,M,69,243,28.39506172839506,43.80175983436854,-15.40669810597348
425,2003.0,SPAN,F,97,131,74.04580152671755,56.19824016563147,17.847561361086086
426,2003.0,SPAN,M,34,131,25.954198473282442,43.80175983436854,-17.847561361086097
427,2003.0,SSRA,F,419,751,55.792276964047936,56.19824016563147,-0.40596320158353194
428,2003.0,SSRA,M,332,751,44.207723035952064,43.80175983436854,0.40596320158352484
429,2003.0,THTR,F,125,231,54.112554112554115,56.19824016563147,-2.085686053077353
430,2003.0,THTR,M,106,231,45.887445887445885,43.80175983436854,2.085686053077346
431,2003.0,WLIT,F,17,33,51.515151515151516,56.19824016563147,-4.683088650479952
432,2003.0,WLIT,M,16,33,48.484848484848484,43.80175983436854,4.683088650479945
433,2003.5,ANTH,F,63,110,57.27272727272727,56.10831234256927,1.164414930158003
434,2003.5,ANTH,M,47,110,42.72727272727273,43.89168765743073,-1.164414930158003
435,2003.5,ARTH,F,83,110,75.45454545454545,56.10831234256927,19.346233111976183
436,2003.5,ARTH,M,27,110,24.545454545454547,43.89168765743073,-19.346233111976183
437,2003.5,ARTS,F,193,281,68.68327402135232,56.10831234256927,12.574961678783048
438,2003.5,ARTS,M,88,281,31.316725978647685,43.89168765743073,-12.574961678783044
439,2003.5,ASTR,F,15,42,35.714285714285715,56.10831234256927,-20.394026628283555
440,2003.5,ASTR,M,27,42,64.28571428571429,43.89168765743073,20.394026628283562
441,2003.5,BBMB,F,16,40,40.0,56.10831234256927,-16.10831234256927
442,2003.5,BBMB,M,24,40,60.0,43.89168765743073,16.10831234256927
443,2003.5,BIOL,F,298,482,61.82572614107884,56.10831234256927,5.717413798509568
444,2003.5,BIOL,M,184,482,38.17427385892116,43.89168765743073,-5.717413798509568
445,2003.5,CHEM,F,278,507,54.83234714003945,56.10831234256927,-1.275965202529818
446,2003.5,CHEM,M,229,507,45.16765285996055,43.89168765743073,1.275965202529818
447,2003.5,CHIN,F,11,25,44.0,56.10831234256927,-12.10831234256927
448,2003.5,CHIN,M,14,25,56.00000000000001,43.89168765743073,12.108312342569278
449,2003.5,CLAS,F,21,25,84.0,56.10831234256927,27.89168765743073
450,2003.5,CLAS,M,4,25,16.0,43.89168765743073,-27.89168765743073
451,2003.5,DANC,F,113,130,86.92307692307692,56.10831234256927,30.81476458050765
452,2003.5,DANC,M,17,130,13.076923076923078,43.89168765743073,-30.81476458050765
453,2003.5,ECON,F,88,205,42.926829268292686,56.10831234256927,-13.181483074276585
454,2003.5,ECON,M,117,205,57.073170731707314,43.89168765743073,13.181483074276585
455,2003.5,EDUC,F,79,94,84.04255319148936,56.10831234256927,27.93424084892009
456,2003.5,EDUC,M,15,94,15.957446808510639,43.89168765743073,-27.93424084892009
457,2003.5,ENGL,F,231,429,53.84615384615385,56.10831234256927,-2.2621584964154238
458,2003.5,ENGL,M,198,429,46.15384615384615,43.89168765743073,2.2621584964154238
459,2003.5,ENVS,F,66,116,56.896551724137936,56.10831234256927,0.7882393815686655
460,2003.5,ENVS,M,50,116,43.103448275862064,43.89168765743073,-0.7882393815686655
461,2003.5,FREN,F,106,128,82.8125,56.10831234256927,26.70418765743073
462,2003.5,FREN,M,22,128,17.1875,43.89168765743073,-26.70418765743073
463,2003.5,GENS,F,208,421,49.4061757719715,56.10831234256927,-6.702136570597773
464,2003.5,GENS,M,213,421,50.5938242280285,43.89168765743073,6.702136570597773
465,2003.5,GEOL,F,183,311,58.842443729903536,56.10831234256927,2.7341313873342656
466,2003.5,GEOL,M,128,311,41.157556270096464,43.89168765743073,-2.7341313873342656
467,2003.5,GERM,F,26,40,65.0,56.10831234256927,8.89168765743073
468,2003.5,GERM,M,14,40,35.0,43.89168765743073,-8.89168765743073
469,2003.5,GNDS,F,19,26,73.07692307692307,56.10831234256927,16.968610734353796
470,2003.5,GNDS,M,7,26,26.923076923076923,43.89168765743073,-16.968610734353806
471,2003.5,HIST,F,136,311,43.729903536977496,56.10831234256927,-12.378408805591775
472,2003.5,HIST,M,175,311,56.27009646302251,43.89168765743073,12.378408805591782
473,2003.5,JPNS,F,20,38,52.63157894736842,56.10831234256927,-3.476733395200853
474,2003.5,JPNS,M,18,38,47.368421052631575,43.89168765743073,3.4767333952008457
475,2003.5,LAT,F,13,24,54.166666666666664,56.10831234256927,-1.9416456759026062
476,2003.5,LAT,M,11,24,45.83333333333333,43.89168765743073,1.941645675902599
477,2003.5,LIBR,F,8,13,61.53846153846154,56.10831234256927,5.43014919589227
478,2003.5,LIBR,M,5,13,38.46153846153847,43.89168765743073,-5.4301491958922625
479,2003.5,MATH,F,169,374,45.18716577540107,56.10831234256927,-10.9211465671682
480,2003.5,MATH,M,205,374,54.81283422459893,43.89168765743073,10.9211465671682
481,2003.5,MUS,F,365,729,50.06858710562414,56.10831234256927,-6.039725236945131
482,2003.5,MUS,M,364,729,49.93141289437586,43.89168765743073,6.039725236945131
483,2003.5,PHIL,F,106,227,46.69603524229075,56.10831234256927,-9.412277100278523
484,2003.5,PHIL,M,121,227,53.30396475770925,43.89168765743073,9.412277100278523
485,2003.5,PHYS,F,159,381,41.732283464566926,56.10831234256927,-14.376028878002344
486,2003.5,PHYS,M,222,381,58.26771653543307,43.89168765743073,14.376028878002337
487,2003.5,POL,F,126,253,49.80237154150198,56.10831234256927,-6.305940801067294
488,2003.5,POL,M,127,253,50.19762845849802,43.89168765743073,6.305940801067294
489,2003.5,PSYC,F,307,422,72.74881516587678,56.10831234256927,16.640502823307507
490,2003.5,PSYC,M,115,422,27.251184834123222,43.89168765743073,-16.640502823307507
491,2003.5,REL,F,123,211,58.29383886255924,56.10831234256927,2.1855265199899705
492,2003.5,REL,M,88,211,41.70616113744076,43.89168765743073,-2.1855265199899705
493,2003.5,RFS,F,56,171,32.748538011695906,56.10831234256927,-23.359774330873364
494,2003.5,RFS,M,115,171,67.2514619883041,43.89168765743073,23.35977433087337
495,2003.5,SOC,F,203,289,70.24221453287197,56.10831234256927,14.133902190302699
496,2003.5,SOC,M,86,289,29.757785467128027,43.89168765743073,-14.133902190302702
497,2003.5,SPAN,F,115,177,64.97175141242938,56.10831234256927,8.863439069860114
498,2003.5,SPAN,M,62,177,35.02824858757062,43.89168765743073,-8.863439069860107
499,2003.5,SSRA,F,305,523,58.31739961759082,56.10831234256927,2.2090872750215524
500,2003.5,SSRA,M,218,523,41.68260038240918,43.89168765743073,-2.2090872750215524
501,2003.5,THTR,F,108,201,53.73134328358209,56.10831234256927,-2.3769690589871786
502,2003.5,THTR,M,93,201,46.26865671641791,43.89168765743073,2.3769690589871786
503,2003.5,WLIT,F,27,55,49.09090909090909,56.10831234256927,-7.017403251660177
504,2003.5,WLIT,M,28,55,50.90909090909091,43.89168765743073,7.017403251660177
505,2004.0,ANTH,F,65,107,60.747663551401864,56.06324701195219,4.684416539449671
506,2004.0,ANTH,M,42,107,39.25233644859813,43.936752988047814,-4.6844165394496855
507,2004.0,ARTH,F,109,151,72.18543046357617,56.06324701195219,16.122183451623975
508,2004.0,ARTH,M,42,151,27.81456953642384,43.936752988047814,-16.122183451623975
509,2004.0,ARTS,F,182,278,65.46762589928058,56.06324701195219,9.404378887328384
510,2004.0,ARTS,M,96,278,34.53237410071942,43.936752988047814,-9.404378887328392
511,2004.0,ASNS,F,24,64,37.5,56.06324701195219,-18.563247011952193
512,2004.0,ASNS,M,40,64,62.5,43.936752988047814,18.563247011952186
513,2004.0,ASTR,F,147,287,51.21951219512195,56.06324701195219,-4.843734816830242
514,2004.0,ASTR,M,140,287,48.78048780487805,43.936752988047814,4.843734816830235
515,2004.0,BBMB,F,50,117,42.73504273504273,56.06324701195219,-13.32820427690946
516,2004.0,BBMB,M,67,117,57.26495726495726,43.936752988047814,13.328204276909446
517,2004.0,BIOL,F,406,650,62.46153846153846,56.06324701195219,6.398291449586267
518,2004.0,BIOL,M,244,650,37.53846153846154,43.936752988047814,-6.398291449586274
519,2004.0,CHEM,F,257,470,54.680851063829785,56.06324701195219,-1.382395948122408
520,2004.0,CHEM,M,213,470,45.31914893617021,43.936752988047814,1.3823959481223937
521,2004.0,CHIN,F,9,25,36.0,56.06324701195219,-20.063247011952193
522,2004.0,CHIN,M,16,25,64.0,43.936752988047814,20.063247011952186
523,2004.0,CLAS,F,12,20,60.0,56.06324701195219,3.9367529880478074
524,2004.0,CLAS,M,8,20,40.0,43.936752988047814,-3.9367529880478145
525,2004.0,DANC,F,150,173,86.70520231213872,56.06324701195219,30.64195530018653
526,2004.0,DANC,M,23,173,13.294797687861271,43.936752988047814,-30.641955300186545
527,2004.0,ECON,F,62,167,37.12574850299401,56.06324701195219,-18.937498508958186
528,2004.0,ECON,M,105,167,62.874251497005986,43.936752988047814,18.93749850895817
529,2004.0,EDUC,F,67,85,78.82352941176471,56.06324701195219,22.760282399812517
530,2004.0,EDUC,M,18,85,21.176470588235293,43.936752988047814,-22.76028239981252
531,2004.0,ENGL,F,186,334,55.688622754491014,56.06324701195219,-0.37462425746117844
532,2004.0,ENGL,M,148,334,44.31137724550898,43.936752988047814,0.37462425746116423
533,2004.0,ENVS,F,94,169,55.62130177514793,56.06324701195219,-0.44194523680426556
534,2004.0,ENVS,M,75,169,44.37869822485207,43.936752988047814,0.44194523680425846
535,2004.0,FREN,F,106,122,86.88524590163934,56.06324701195219,30.821998889687144
536,2004.0,FREN,M,16,122,13.114754098360656,43.936752988047814,-30.82199888968716
537,2004.0,GENS,F,221,423,52.24586288416076,56.06324701195219,-3.817384127791435
538,2004.0,GENS,M,202,423,47.75413711583924,43.936752988047814,3.8173841277914278
539,2004.0,GEOL,F,182,304,59.86842105263158,56.06324701195219,3.8051740406793897
540,2004.0,GEOL,M,122,304,40.131578947368425,43.936752988047814,-3.8051740406793897
541,2004.0,GERM,F,23,35,65.71428571428571,56.06324701195219,9.651038702333516
542,2004.0,GERM,M,12,35,34.285714285714285,43.936752988047814,-9.65103870233353
543,2004.0,HIST,F,170,367,46.321525885558586,56.06324701195219,-9.741721126393607
544,2004.0,HIST,M,197,367,53.67847411444142,43.936752988047814,9.741721126393607
545,2004.0,JPNS,F,15,32,46.875,56.06324701195219,-9.188247011952193
546,2004.0,JPNS,M,17,32,53.125,43.936752988047814,9.188247011952186
547,2004.0,LAT,F,10,15,66.66666666666666,56.06324701195219,10.603419654714465
548,2004.0,LAT,M,5,15,33.33333333333333,43.936752988047814,-10.603419654714486
549,2004.0,LING,F,12,16,75.0,56.06324701195219,18.936752988047807
550,2004.0,LING,M,4,16,25.0,43.936752988047814,-18.936752988047814
551,2004.0,MATH,F,119,262,45.41984732824427,56.06324701195219,-10.64339968370792
552,2004.0,MATH,M,143,262,54.58015267175572,43.936752988047814,10.643399683707905
553,2004.0,MUS,F,343,657,52.207001522070016,56.06324701195219,-3.856245489882177
554,2004.0,MUS,M,314,657,47.792998477929984,43.936752988047814,3.85624548988217
555,2004.0,PHIL,F,69,176,39.20454545454545,56.06324701195219,-16.85870155740674
556,2004.0,PHIL,M,107,176,60.79545454545454,43.936752988047814,16.858701557406725
557,2004.0,PHYS,F,132,321,41.1214953271028,56.06324701195219,-14.941751684849393
558,2004.0,PHYS,M,189,321,58.87850467289719,43.936752988047814,14.941751684849379
559,2004.0,POL,F,159,316,50.31645569620253,56.06324701195219,-5.746791315749661
560,2004.0,POL,M,157,316,49.68354430379747,43.936752988047814,5.746791315749654
561,2004.0,PSYC,F,237,351,67.52136752136752,56.06324701195219,11.45812050941533
562,2004.0,PSYC,M,114,351,32.47863247863248,43.936752988047814,-11.458120509415338
563,2004.0,REL,F,67,133,50.37593984962406,56.06324701195219,-5.687307162328132
564,2004.0,REL,M,66,133,49.62406015037594,43.936752988047814,5.687307162328125
565,2004.0,RFS,F,48,148,32.432432432432435,56.06324701195219,-23.630814579519758
566,2004.0,RFS,M,100,148,67.56756756756756,43.936752988047814,23.63081457951975
567,2004.0,SOC,F,140,202,69.3069306930693,56.06324701195219,13.243683681117112
568,2004.0,SOC,M,62,202,30.693069306930692,43.936752988047814,-13.243683681117123
569,2004.0,SPAN,F,93,130,71.53846153846153,56.06324701195219,15.47521452650934
570,2004.0,SPAN,M,37,130,28.46153846153846,43.936752988047814,-15.475214526509355
571,2004.0,SSRA,F,386,675,57.18518518518518,56.06324701195219,1.1219381732329907
572,2004.0,SSRA,M,289,675,42.81481481481482,43.936752988047814,-1.1219381732329978
573,2004.0,THTR,F,107,183,58.46994535519126,56.06324701195219,2.4066983432390643
574,2004.0,THTR,M,76,183,41.53005464480874,43.936752988047814,-2.4066983432390714
575,2004.0,WLIT,F,31,54,57.407407407407405,56.06324701195219,1.3441603954552122
576,2004.0,WLIT,M,23,54,42.592592592592595,43.936752988047814,-1.3441603954552193
577,2004.5,ANTH,F,61,111,54.95495495495496,54.5974911703812,0.3574637845737598
578,2004.5,ANTH,M,50,111,45.04504504504504,45.40250882961881,-0.35746378457376693
579,2004.5,ARTH,F,105,150,70.0,54.5974911703812,15.402508829618803
580,2004.5,ARTH,M,45,150,30.0,45.40250882961881,-15.40250882961881
581,2004.5,ARTS,F,162,244,66.39344262295081,54.5974911703812,11.795951452569618
582,2004.5,ARTS,M,82,244,33.60655737704918,45.40250882961881,-11.795951452569632
583,2004.5,ASNS,F,10,14,71.42857142857143,54.5974911703812,16.831080258190234
584,2004.5,ASNS,M,4,14,28.57142857142857,45.40250882961881,-16.83108025819024
585,2004.5,ASTR,F,59,147,40.136054421768705,54.5974911703812,-14.461436748612492
586,2004.5,ASTR,M,88,147,59.863945578231295,45.40250882961881,14.461436748612485
587,2004.5,BBMB,F,36,98,36.734693877551024,54.5974911703812,-17.862797292830173
588,2004.5,BBMB,M,62,98,63.26530612244898,45.40250882961881,17.862797292830173
589,2004.5,BIOL,F,419,669,62.63079222720478,54.5974911703812,8.033301056823582
590,2004.5,BIOL,M,250,669,37.369207772795214,45.40250882961881,-8.033301056823596
591,2004.5,CHEM,F,267,497,53.72233400402414,54.5974911703812,-0.8751571663570559
592,2004.5,CHEM,M,230,497,46.27766599597585,45.40250882961881,0.8751571663570417
593,2004.5,CHIN,F,17,39,43.58974358974359,54.5974911703812,-11.007747580637606
594,2004.5,CHIN,M,22,39,56.41025641025641,45.40250882961881,11.007747580637599
595,2004.5,CLAS,F,5,13,38.46153846153847,54.5974911703812,-16.13595270884273
596,2004.5,CLAS,M,8,13,61.53846153846154,45.40250882961881,16.13595270884273
597,2004.5,DANC,F,130,152,85.52631578947368,54.5974911703812,30.928824619092488
598,2004.5,DANC,M,22,152,14.473684210526317,45.40250882961881,-30.928824619092495
599,2004.5,ECON,F,86,215,40.0,54.5974911703812,-14.597491170381197
600,2004.5,ECON,M,129,215,60.0,45.40250882961881,14.59749117038119
601,2004.5,EDUC,F,56,75,74.66666666666667,54.5974911703812,20.069175496285474
602,2004.5,EDUC,M,19,75,25.333333333333336,45.40250882961881,-20.069175496285474
603,2004.5,ENGL,F,220,367,59.945504087193456,54.5974911703812,5.348012916812259
604,2004.5,ENGL,M,147,367,40.05449591280654,45.40250882961881,-5.348012916812273
605,2004.5,ENVS,F,98,181,54.14364640883977,54.5974911703812,-0.4538447615414256
606,2004.5,ENVS,M,83,181,45.85635359116022,45.40250882961881,0.4538447615414114
607,2004.5,FREN,F,91,121,75.20661157024794,54.5974911703812,20.609120399866747
608,2004.5,FREN,M,30,121,24.793388429752067,45.40250882961881,-20.609120399866743
609,2004.5,GENS,F,251,444,56.531531531531535,54.5974911703812,1.9340403611503376
610,2004.5,GENS,M,193,444,43.468468468468465,45.40250882961881,-1.9340403611503447
611,2004.5,GEOL,F,148,297,49.831649831649834,54.5974911703812,-4.765841338731363
612,2004.5,GEOL,M,149,297,50.16835016835017,45.40250882961881,4.765841338731363
613,2004.5,GERM,F,22,35,62.857142857142854,54.5974911703812,8.259651686761657
614,2004.5,GERM,M,13,35,37.142857142857146,45.40250882961881,-8.259651686761664
615,2004.5,GNDS,F,20,26,76.92307692307693,54.5974911703812,22.325585752695737
616,2004.5,GNDS,M,6,26,23.076923076923077,45.40250882961881,-22.325585752695734
617,2004.5,GREK,F,8,17,47.05882352941176,54.5974911703812,-7.538667640969436
618,2004.5,GREK,M,9,17,52.94117647058824,45.40250882961881,7.538667640969429
619,2004.5,HIST,F,198,381,51.96850393700787,54.5974911703812,-2.62898723337333
620,2004.5,HIST,M,183,381,48.031496062992126,45.40250882961881,2.6289872333733157
621,2004.5,JPNS,F,23,44,52.27272727272727,54.5974911703812,-2.3247638976539236
622,2004.5,JPNS,M,21,44,47.72727272727273,45.40250882961881,2.3247638976539164
623,2004.5,LAT,F,12,20,60.0,54.5974911703812,5.402508829618803
624,2004.5,LAT,M,8,20,40.0,45.40250882961881,-5.40250882961881
625,2004.5,MATH,F,176,375,46.93333333333333,54.5974911703812,-7.664157837047867
626,2004.5,MATH,M,199,375,53.06666666666666,45.40250882961881,7.664157837047853
627,2004.5,MUS,F,330,709,46.5444287729196,54.5974911703812,-8.053062397461595
628,2004.5,MUS,M,379,709,53.45557122708039,45.40250882961881,8.05306239746158
629,2004.5,PHIL,F,77,208,37.019230769230774,54.5974911703812,-17.578260401150423
630,2004.5,PHIL,M,131,208,62.980769230769226,45.40250882961881,17.578260401150416
631,2004.5,PHYS,F,116,337,34.42136498516321,54.5974911703812,-20.17612618521799
632,2004.5,PHYS,M,221,337,65.57863501483679,45.40250882961881,20.17612618521798
633,2004.5,POL,F,141,293,48.122866894197955,54.5974911703812,-6.474624276183242
634,2004.5,POL,M,152,293,51.877133105802045,45.40250882961881,6.474624276183235
635,2004.5,PSYC,F,225,332,67.7710843373494,54.5974911703812,13.173593166968196
636,2004.5,PSYC,M,107,332,32.22891566265061,45.40250882961881,-13.173593166968203
637,2004.5,REL,F,108,192,56.25,54.5974911703812,1.652508829618803
638,2004.5,REL,M,84,192,43.75,45.40250882961881,-1.6525088296188102
639,2004.5,RFS,F,59,194,30.412371134020617,54.5974911703812,-24.18512003636058
640,2004.5,RFS,M,135,194,69.58762886597938,45.40250882961881,24.185120036360573
641,2004.5,SOC,F,162,237,68.35443037974683,54.5974911703812,13.756939209365633
642,2004.5,SOC,M,75,237,31.645569620253166,45.40250882961881,-13.756939209365644
643,2004.5,SPAN,F,133,192,69.27083333333334,54.5974911703812,14.673342162952146
644,2004.5,SPAN,M,59,192,30.729166666666668,45.40250882961881,-14.673342162952142
645,2004.5,SSRA,F,307,535,57.38317757009346,54.5974911703812,2.7856863997122616
646,2004.5,SSRA,M,228,535,42.61682242990654,45.40250882961881,-2.7856863997122687
647,2004.5,THTR,F,116,202,57.42574257425742,54.5974911703812,2.828251403876223
648,2004.5,THTR,M,86,202,42.57425742574257,45.40250882961881,-2.828251403876237
649,2004.5,WLIT,F,21,35,60.0,54.5974911703812,5.402508829618803
650,2004.5,WLIT,M,14,35,40.0,45.40250882961881,-5.40250882961881
651,2005.0,ANTH,F,84,140,60.0,54.42065491183879,5.579345088161212
652,2005.0,ANTH,M,56,140,40.0,45.579345088161205,-5.579345088161205
653,2005.0,ARTH,F,112,167,67.06586826347305,54.42065491183879,12.645213351634261
654,2005.0,ARTH,M,55,167,32.93413173652694,45.579345088161205,-12.645213351634261
655,2005.0,ARTS,F,154,239,64.43514644351464,54.42065491183879,10.014491531675851
656,2005.0,ARTS,M,85,239,35.56485355648535,45.579345088161205,-10.014491531675851
657,2005.0,ASNS,F,43,71,60.56338028169014,54.42065491183879,6.142725369851348
658,2005.0,ASNS,M,28,71,39.436619718309856,45.579345088161205,-6.142725369851348
659,2005.0,ASTR,F,113,205,55.1219512195122,54.42065491183879,0.7012963076734096
660,2005.0,ASTR,M,92,205,44.87804878048781,45.579345088161205,-0.7012963076733953
661,2005.0,BBMB,F,58,112,51.78571428571429,54.42065491183879,-2.6349406261244965
662,2005.0,BBMB,M,54,112,48.214285714285715,45.579345088161205,2.6349406261245107
663,2005.0,BIOL,F,324,541,59.88909426987061,54.42065491183879,5.468439358031823
664,2005.0,BIOL,M,217,541,40.110905730129396,45.579345088161205,-5.468439358031809
665,2005.0,CHEM,F,207,375,55.2,54.42065491183879,0.7793450881612145
666,2005.0,CHEM,M,168,375,44.800000000000004,45.579345088161205,-0.7793450881612003
667,2005.0,CHIN,F,17,31,54.83870967741935,54.42065491183879,0.418054765580564
668,2005.0,CHIN,M,14,31,45.16129032258064,45.579345088161205,-0.418054765580564
669,2005.0,CLAS,F,22,35,62.857142857142854,54.42065491183879,8.436487945304066
670,2005.0,CLAS,M,13,35,37.142857142857146,45.579345088161205,-8.436487945304059
671,2005.0,DANC,F,130,167,77.84431137724552,54.42065491183879,23.42365646540673
672,2005.0,DANC,M,37,167,22.15568862275449,45.579345088161205,-23.423656465406715
673,2005.0,ECON,F,79,218,36.23853211009174,54.42065491183879,-18.18212280174705
674,2005.0,ECON,M,139,218,63.76146788990825,45.579345088161205,18.18212280174705
675,2005.0,EDUC,F,50,65,76.92307692307693,54.42065491183879,22.502422011238146
676,2005.0,EDUC,M,15,65,23.076923076923077,45.579345088161205,-22.502422011238128
677,2005.0,ENGL,F,234,387,60.46511627906976,54.42065491183879,6.044461367230973
678,2005.0,ENGL,M,153,387,39.53488372093023,45.579345088161205,-6.044461367230973
679,2005.0,ENVS,F,115,174,66.0919540229885,54.42065491183879,11.671299111149715
680,2005.0,ENVS,M,59,174,33.90804597701149,45.579345088161205,-11.671299111149715
681,2005.0,FREN,F,52,83,62.65060240963856,54.42065491183879,8.22994749779977
682,2005.0,FREN,M,31,83,37.34939759036144,45.579345088161205,-8.229947497799763
683,2005.0,GENS,F,243,434,55.99078341013824,54.42065491183879,1.5701284982994537
684,2005.0,GENS,M,191,434,44.00921658986175,45.579345088161205,-1.5701284982994537
685,2005.0,GEOL,F,132,298,44.29530201342282,54.42065491183879,-10.125352898415969
686,2005.0,GEOL,M,166,298,55.70469798657718,45.579345088161205,10.125352898415976
687,2005.0,GERM,F,21,31,67.74193548387096,54.42065491183879,13.321280572032173
688,2005.0,GERM,M,10,31,32.25806451612903,45.579345088161205,-13.321280572032173
689,2005.0,GNDS,F,19,25,76.0,54.42065491183879,21.57934508816121
690,2005.0,GNDS,M,6,25,24.0,45.579345088161205,-21.579345088161205
691,2005.0,GREK,F,7,13,53.84615384615385,54.42065491183879,-0.5745010656849416
692,2005.0,GREK,M,6,13,46.15384615384615,45.579345088161205,0.5745010656849487
693,2005.0,HIST,F,191,377,50.663129973474796,54.42065491183879,-3.757524938363993
694,2005.0,HIST,M,186,377,49.3368700265252,45.579345088161205,3.757524938363993
695,2005.0,JPNS,F,18,33,54.54545454545454,54.42065491183879,0.1247996336157513
696,2005.0,JPNS,M,15,33,45.45454545454545,45.579345088161205,-0.1247996336157513
697,2005.0,LAT,F,12,17,70.58823529411765,54.42065491183879,16.167580382278864
698,2005.0,LAT,M,5,17,29.411764705882355,45.579345088161205,-16.16758038227885
699,2005.0,LING,F,15,19,78.94736842105263,54.42065491183879,24.52671350921384
700,2005.0,LING,M,4,19,21.052631578947366,45.579345088161205,-24.526713509213838
701,2005.0,MATH,F,110,269,40.89219330855018,54.42065491183879,-13.528461603288605
702,2005.0,MATH,M,159,269,59.10780669144982,45.579345088161205,13.528461603288612
703,2005.0,MUS,F,307,633,48.49921011058452,54.42065491183879,-5.9214448012542675
704,2005.0,MUS,M,326,633,51.50078988941548,45.579345088161205,5.921444801254275
705,2005.0,PHIL,F,57,198,28.78787878787879,54.42065491183879,-25.63277612396
706,2005.0,PHIL,M,141,198,71.21212121212122,45.579345088161205,25.632776123960014
707,2005.0,PHYS,F,88,290,30.344827586206897,54.42065491183879,-24.07582732563189
708,2005.0,PHYS,M,202,290,69.6551724137931,45.579345088161205,24.07582732563189
709,2005.0,POL,F,145,283,51.23674911660777,54.42065491183879,-3.18390579523102
710,2005.0,POL,M,138,283,48.76325088339223,45.579345088161205,3.183905795231027
711,2005.0,PSYC,F,240,368,65.21739130434783,54.42065491183879,10.79673639250904
712,2005.0,PSYC,M,128,368,34.78260869565217,45.579345088161205,-10.796736392509032
713,2005.0,REL,F,98,178,55.0561797752809,54.42065491183879,0.6355248634421145
714,2005.0,REL,M,80,178,44.9438202247191,45.579345088161205,-0.6355248634421073
715,2005.0,RFS,F,47,117,40.17094017094017,54.42065491183879,-14.249714740898618
716,2005.0,RFS,M,70,117,59.82905982905983,45.579345088161205,14.249714740898625
717,2005.0,SOC,F,145,248,58.46774193548387,54.42065491183879,4.0470870236450835
718,2005.0,SOC,M,103,248,41.53225806451613,45.579345088161205,-4.047087023645076
719,2005.0,SPAN,F,79,116,68.10344827586206,54.42065491183879,13.682793364023276
720,2005.0,SPAN,M,37,116,31.896551724137932,45.579345088161205,-13.682793364023272
721,2005.0,SSRA,F,386,697,55.38020086083214,54.42065491183879,0.9595459489933518
722,2005.0,SSRA,M,311,697,44.61979913916787,45.579345088161205,-0.9595459489933376
723,2005.0,THTR,F,113,200,56.49999999999999,54.42065491183879,2.0793450881612046
724,2005.0,THTR,M,87,200,43.5,45.579345088161205,-2.0793450881612046
725,2005.0,WLIT,F,45,72,62.5,54.42065491183879,8.079345088161212
726,2005.0,WLIT,M,27,72,37.5,45.579345088161205,-8.079345088161205
727,2005.5,ANTH,F,96,147,65.3061224489796,54.17415259312493,11.131969855854663
728,2005.5,ANTH,M,51,147,34.69387755102041,45.82584740687507,-11.131969855854663
729,2005.5,ARTH,F,120,163,73.61963190184049,54.17415259312493,19.445479308715562
730,2005.5,ARTH,M,43,163,26.380368098159508,45.82584740687507,-19.445479308715562
731,2005.5,ARTS,F,145,229,63.31877729257642,54.17415259312493,9.14462469945149
732,2005.5,ARTS,M,84,229,36.681222707423586,45.82584740687507,-9.144624699451484
733,2005.5,ASTR,F,91,206,44.1747572815534,54.17415259312493,-9.999395311571533
734,2005.5,ASTR,M,115,206,55.8252427184466,45.82584740687507,9.999395311571533
735,2005.5,BBMB,F,29,53,54.71698113207547,54.17415259312493,0.5428285389505376
736,2005.5,BBMB,M,24,53,45.28301886792453,45.82584740687507,-0.5428285389505376
737,2005.5,BIOL,F,408,662,61.631419939577036,54.17415259312493,7.457267346452106
738,2005.5,BIOL,M,254,662,38.368580060422964,45.82584740687507,-7.457267346452106
739,2005.5,CHEM,F,248,499,49.69939879759519,54.17415259312493,-4.474753795529743
740,2005.5,CHEM,M,251,499,50.300601202404806,45.82584740687507,4.474753795529736
741,2005.5,CHIN,F,31,57,54.385964912280706,54.17415259312493,0.2118123191557757
742,2005.5,CHIN,M,26,57,45.614035087719294,45.82584740687507,-0.2118123191557757
743,2005.5,CLAS,F,26,33,78.78787878787878,54.17415259312493,24.613726194753852
744,2005.5,CLAS,M,7,33,21.21212121212121,45.82584740687507,-24.61372619475386
745,2005.5,DANC,F,113,147,76.87074829931973,54.17415259312493,22.6965957061948
746,2005.5,DANC,M,34,147,23.12925170068027,45.82584740687507,-22.6965957061948
747,2005.5,ECON,F,111,269,41.2639405204461,54.17415259312493,-12.910212072678831
748,2005.5,ECON,M,158,269,58.7360594795539,45.82584740687507,12.910212072678831
749,2005.5,EDUC,F,71,85,83.52941176470588,54.17415259312493,29.355259171580954
750,2005.5,EDUC,M,14,85,16.470588235294116,45.82584740687507,-29.355259171580954
751,2005.5,ENGL,F,220,365,60.273972602739725,54.17415259312493,6.099820009614795
752,2005.5,ENGL,M,145,365,39.726027397260275,45.82584740687507,-6.099820009614795
753,2005.5,ENVS,F,119,168,70.83333333333334,54.17415259312493,16.659180740208413
754,2005.5,ENVS,M,49,168,29.166666666666668,45.82584740687507,-16.659180740208402
755,2005.5,FREN,F,86,112,76.78571428571429,54.17415259312493,22.611561692589362
756,2005.5,FREN,M,26,112,23.214285714285715,45.82584740687507,-22.611561692589355
757,2005.5,GENS,F,218,443,49.20993227990971,54.17415259312493,-4.964220313215222
758,2005.5,GENS,M,225,443,50.79006772009029,45.82584740687507,4.964220313215222
759,2005.5,GEOL,F,138,308,44.8051948051948,54.17415259312493,-9.368957787930128
760,2005.5,GEOL,M,170,308,55.1948051948052,45.82584740687507,9.368957787930128
761,2005.5,GERM,F,19,35,54.285714285714285,54.17415259312493,0.11156169258935478
762,2005.5,GERM,M,16,35,45.714285714285715,45.82584740687507,-0.11156169258935478
763,2005.5,GNDS,F,20,27,74.07407407407408,54.17415259312493,19.899921480949146
764,2005.5,GNDS,M,7,27,25.925925925925924,45.82584740687507,-19.899921480949146
765,2005.5,GREK,F,7,12,58.333333333333336,54.17415259312493,4.159180740208406
766,2005.5,GREK,M,5,12,41.66666666666667,45.82584740687507,-4.159180740208399
767,2005.5,HIST,F,190,385,49.35064935064935,54.17415259312493,-4.8235032424755815
768,2005.5,HIST,M,195,385,50.649350649350644,45.82584740687507,4.823503242475574
769,2005.5,JPNS,F,22,48,45.83333333333333,54.17415259312493,-8.340819259791601
770,2005.5,JPNS,M,26,48,54.166666666666664,45.82584740687507,8.340819259791594
771,2005.5,LAT,F,15,23,65.21739130434783,54.17415259312493,11.043238711222898
772,2005.5,LAT,M,8,23,34.78260869565217,45.82584740687507,-11.043238711222898
773,2005.5,LIBR,F,8,12,66.66666666666666,54.17415259312493,12.492514073541727
774,2005.5,LIBR,M,4,12,33.33333333333333,45.82584740687507,-12.492514073541741
775,2005.5,MATH,F,161,373,43.16353887399464,54.17415259312493,-11.01061371913029
776,2005.5,MATH,M,212,373,56.83646112600537,45.82584740687507,11.010613719130298
777,2005.5,MUS,F,358,734,48.77384196185286,54.17415259312493,-5.40031063127207
778,2005.5,MUS,M,376,734,51.22615803814714,45.82584740687507,5.40031063127207
779,2005.5,PHIL,F,75,228,32.89473684210527,54.17415259312493,-21.279415751019663
780,2005.5,PHIL,M,153,228,67.10526315789474,45.82584740687507,21.27941575101967
781,2005.5,PHYS,F,90,313,28.753993610223645,54.17415259312493,-25.420158982901285
782,2005.5,PHYS,M,223,313,71.24600638977637,45.82584740687507,25.4201589829013
783,2005.5,POL,F,173,336,51.488095238095234,54.17415259312493,-2.6860573550296962
784,2005.5,POL,M,163,336,48.51190476190476,45.82584740687507,2.686057355029689
785,2005.5,PSYC,F,283,391,72.37851662404093,54.17415259312493,18.204364030915997
786,2005.5,PSYC,M,108,391,27.621483375959077,45.82584740687507,-18.204364030915993
787,2005.5,REL,F,52,111,46.846846846846844,54.17415259312493,-7.3273057462780855
788,2005.5,REL,M,59,111,53.153153153153156,45.82584740687507,7.3273057462780855
789,2005.5,RFS,F,51,142,35.91549295774648,54.17415259312493,-18.25865963537845
790,2005.5,RFS,M,91,142,64.08450704225352,45.82584740687507,18.25865963537845
791,2005.5,SOC,F,154,229,67.24890829694323,54.17415259312493,13.074755703818298
792,2005.5,SOC,M,75,229,32.751091703056765,45.82584740687507,-13.074755703818305
793,2005.5,SPAN,F,106,172,61.627906976744185,54.17415259312493,7.4537543836192555
794,2005.5,SPAN,M,66,172,38.372093023255815,45.82584740687507,-7.4537543836192555
795,2005.5,SSRA,F,303,545,55.596330275229356,54.17415259312493,1.4221776821044259
796,2005.5,SSRA,M,242,545,44.403669724770644,45.82584740687507,-1.4221776821044259
797,2005.5,THTR,F,122,216,56.481481481481474,54.17415259312493,2.307328888356544
798,2005.5,THTR,M,94,216,43.51851851851852,45.82584740687507,-2.307328888356551
799,2005.5,WLIT,F,37,55,67.27272727272727,54.17415259312493,13.098574679602336
800,2005.5,WLIT,M,18,55,32.72727272727273,45.82584740687507,-13.098574679602343
801,2006.0,ANTH,F,66,107,61.6822429906542,53.20845462599671,8.473788364657494
802,2006.0,ANTH,M,41,107,38.31775700934579,46.79154537400329,-8.473788364657501
803,2006.0,ARTH,F,129,188,68.61702127659575,53.20845462599671,15.408566650599042
804,2006.0,ARTH,M,59,188,31.382978723404253,46.79154537400329,-15.408566650599038
805,2006.0,ARTS,F,145,212,68.39622641509435,53.20845462599671,15.187771789097638
806,2006.0,ARTS,M,67,212,31.60377358490566,46.79154537400329,-15.187771789097631
807,2006.0,ASNS,F,45,82,54.87804878048781,53.20845462599671,1.6695941544911008
808,2006.0,ASNS,M,37,82,45.1219512195122,46.79154537400329,-1.6695941544910937
809,2006.0,ASTR,F,22,76,28.947368421052634,53.20845462599671,-24.261086204944075
810,2006.0,ASTR,M,54,76,71.05263157894737,46.79154537400329,24.26108620494408
811,2006.0,BBMB,F,91,175,52.0,53.20845462599671,-1.2084546259967084
812,2006.0,BBMB,M,84,175,48.0,46.79154537400329,1.2084546259967084
813,2006.0,BIOL,F,274,483,56.7287784679089,53.20845462599671,3.5203238419121945
814,2006.0,BIOL,M,209,483,43.2712215320911,46.79154537400329,-3.5203238419121945
815,2006.0,CHEM,F,243,447,54.36241610738255,53.20845462599671,1.153961481385842
816,2006.0,CHEM,M,204,447,45.63758389261745,46.79154537400329,-1.153961481385842
817,2006.0,CHIN,F,34,58,58.620689655172406,53.20845462599671,5.412235029175697
818,2006.0,CHIN,M,24,58,41.37931034482759,46.79154537400329,-5.412235029175704
819,2006.0,CLAS,F,15,27,55.55555555555556,53.20845462599671,2.3471009295588487
820,2006.0,CLAS,M,12,27,44.44444444444444,46.79154537400329,-2.3471009295588487
821,2006.0,DANC,F,122,159,76.72955974842768,53.20845462599671,23.521105122430967
822,2006.0,DANC,M,37,159,23.270440251572328,46.79154537400329,-23.521105122430964
823,2006.0,ECON,F,82,205,40.0,53.20845462599671,-13.208454625996708
824,2006.0,ECON,M,123,205,60.0,46.79154537400329,13.208454625996708
825,2006.0,EDUC,F,45,66,68.18181818181817,53.20845462599671,14.973363555821464
826,2006.0,EDUC,M,21,66,31.818181818181817,46.79154537400329,-14.973363555821475
827,2006.0,ENGL,F,196,349,56.16045845272206,53.20845462599671,2.9520038267253526
828,2006.0,ENGL,M,153,349,43.83954154727794,46.79154537400329,-2.9520038267253526
829,2006.0,ENVS,F,87,168,51.78571428571429,53.20845462599671,-1.4227403402824166
830,2006.0,ENVS,M,81,168,48.214285714285715,46.79154537400329,1.4227403402824237
831,2006.0,FREN,F,64,83,77.10843373493977,53.20845462599671,23.899979108943057
832,2006.0,FREN,M,19,83,22.89156626506024,46.79154537400329,-23.89997910894305
833,2006.0,GENS,F,194,400,48.5,53.20845462599671,-4.708454625996708
834,2006.0,GENS,M,206,400,51.5,46.79154537400329,4.708454625996708
835,2006.0,GEOL,F,164,313,52.39616613418531,53.20845462599671,-0.8122884918114011
836,2006.0,GEOL,M,149,313,47.6038338658147,46.79154537400329,0.8122884918114082
837,2006.0,GERM,F,22,42,52.38095238095239,53.20845462599671,-0.8275022450443217
838,2006.0,GERM,M,20,42,47.61904761904761,46.79154537400329,0.8275022450443217
839,2006.0,GNDS,F,35,47,74.46808510638297,53.20845462599671,21.259630480386264
840,2006.0,GNDS,M,12,47,25.53191489361702,46.79154537400329,-21.25963048038627
841,2006.0,GREK,F,6,10,60.0,53.20845462599671,6.791545374003292
842,2006.0,GREK,M,4,10,40.0,46.79154537400329,-6.791545374003292
843,2006.0,HIST,F,156,333,46.846846846846844,53.20845462599671,-6.361607779149864
844,2006.0,HIST,M,177,333,53.153153153153156,46.79154537400329,6.361607779149864
845,2006.0,JPNS,F,20,47,42.5531914893617,53.20845462599671,-10.655263136635007
846,2006.0,JPNS,M,27,47,57.446808510638306,46.79154537400329,10.655263136635014
847,2006.0,LAT,F,10,15,66.66666666666666,53.20845462599671,13.458212040669949
848,2006.0,LAT,M,5,15,33.33333333333333,46.79154537400329,-13.458212040669963
849,2006.0,MATH,F,128,330,38.78787878787879,53.20845462599671,-14.42057583811792
850,2006.0,MATH,M,202,330,61.212121212121204,46.79154537400329,14.420575838117912
851,2006.0,MUS,F,326,661,49.319213313161875,53.20845462599671,-3.8892413128348338
852,2006.0,MUS,M,335,661,50.68078668683812,46.79154537400329,3.8892413128348267
853,2006.0,PHIL,F,64,211,30.33175355450237,53.20845462599671,-22.876701071494338
854,2006.0,PHIL,M,147,211,69.66824644549763,46.79154537400329,22.876701071494338
855,2006.0,PHYS,F,61,216,28.240740740740737,53.20845462599671,-24.96771388525597
856,2006.0,PHYS,M,155,216,71.75925925925925,46.79154537400329,24.96771388525596
857,2006.0,POL,F,160,306,52.28758169934641,53.20845462599671,-0.9208729266502971
858,2006.0,POL,M,146,306,47.712418300653596,46.79154537400329,0.9208729266503042
859,2006.0,PSYC,F,216,345,62.60869565217392,53.20845462599671,9.400241026177213
860,2006.0,PSYC,M,129,345,37.391304347826086,46.79154537400329,-9.400241026177206
861,2006.0,REL,F,67,157,42.675159235668794,53.20845462599671,-10.533295390327915
862,2006.0,REL,M,90,157,57.324840764331206,46.79154537400329,10.533295390327915
863,2006.0,RFS,F,67,155,43.225806451612904,53.20845462599671,-9.982648174383804
864,2006.0,RFS,M,88,155,56.774193548387096,46.79154537400329,9.982648174383804
865,2006.0,SOC,F,168,259,64.86486486486487,53.20845462599671,11.656410238868162
866,2006.0,SOC,M,91,259,35.13513513513514,46.79154537400329,-11.656410238868155
867,2006.0,SPAN,F,97,135,71.85185185185186,53.20845462599671,18.643397225855153
868,2006.0,SPAN,M,38,135,28.14814814814815,46.79154537400329,-18.643397225855143
869,2006.0,SSRA,F,387,719,53.82475660639777,53.20845462599671,0.6163019804010617
870,2006.0,SSRA,M,332,719,46.17524339360223,46.79154537400329,-0.6163019804010617
871,2006.0,THTR,F,124,198,62.62626262626263,53.20845462599671,9.417808000265921
872,2006.0,THTR,M,74,198,37.37373737373738,46.79154537400329,-9.417808000265914
873,2006.0,WLIT,F,61,101,60.396039603960396,53.20845462599671,7.187584977963688
874,2006.0,WLIT,M,40,101,39.603960396039604,46.79154537400329,-7.187584977963688
875,2006.5,ANTH,F,81,140,57.85714285714286,53.66712794062146,4.190014916521399
876,2006.5,ANTH,M,59,140,42.142857142857146,46.33287205937854,-4.190014916521392
877,2006.5,ARTH,F,111,185,60.0,53.66712794062146,6.332872059378538
878,2006.5,ARTH,M,74,185,40.0,46.33287205937854,-6.332872059378538
879,2006.5,ARTS,F,155,237,65.40084388185655,53.66712794062146,11.733715941235083
880,2006.5,ARTS,M,82,237,34.59915611814346,46.33287205937854,-11.733715941235076
881,2006.5,ASNS,F,6,11,54.54545454545454,53.66712794062146,0.8783266048330773
882,2006.5,ASNS,M,5,11,45.45454545454545,46.33287205937854,-0.8783266048330844
883,2006.5,ASTR,F,39,107,36.44859813084112,53.66712794062146,-17.218529809780343
884,2006.5,ASTR,M,68,107,63.55140186915887,46.33287205937854,17.218529809780335
885,2006.5,BBMB,F,31,70,44.285714285714285,53.66712794062146,-9.381413654907178
886,2006.5,BBMB,M,39,70,55.714285714285715,46.33287205937854,9.381413654907178
887,2006.5,BIOL,F,418,657,63.62252663622526,53.66712794062146,9.955398695603797
888,2006.5,BIOL,M,239,657,36.37747336377473,46.33287205937854,-9.955398695603805
889,2006.5,CHEM,F,293,524,55.916030534351144,53.66712794062146,2.2489025937296816
890,2006.5,CHEM,M,231,524,44.083969465648856,46.33287205937854,-2.2489025937296816
891,2006.5,CHIN,F,38,68,55.88235294117647,53.66712794062146,2.2152250005550087
892,2006.5,CHIN,M,30,68,44.11764705882353,46.33287205937854,-2.2152250005550087
893,2006.5,CLAS,F,20,34,58.82352941176471,53.66712794062146,5.156401471143248
894,2006.5,CLAS,M,14,34,41.17647058823529,46.33287205937854,-5.156401471143248
895,2006.5,DANC,F,103,134,76.86567164179104,53.66712794062146,23.198543701169577
896,2006.5,DANC,M,31,134,23.134328358208954,46.33287205937854,-23.198543701169584
897,2006.5,ECON,F,80,228,35.08771929824561,53.66712794062146,-18.579408642375853
898,2006.5,ECON,M,148,228,64.91228070175438,46.33287205937854,18.579408642375846
899,2006.5,EDUC,F,53,71,74.64788732394366,53.66712794062146,20.9807593833222
900,2006.5,EDUC,M,18,71,25.352112676056336,46.33287205937854,-20.9807593833222
901,2006.5,ENGL,F,180,333,54.054054054054056,53.66712794062146,0.38692611343259387
902,2006.5,ENGL,M,153,333,45.94594594594595,46.33287205937854,-0.38692611343258676
903,2006.5,ENVS,F,103,168,61.30952380952381,53.66712794062146,7.642395868902348
904,2006.5,ENVS,M,65,168,38.69047619047619,46.33287205937854,-7.642395868902348
905,2006.5,FREN,F,83,111,74.77477477477478,53.66712794062146,21.10764683415332
906,2006.5,FREN,M,28,111,25.225225225225223,46.33287205937854,-21.107646834153314
907,2006.5,GENS,F,241,425,56.705882352941174,53.66712794062146,3.0387544123197117
908,2006.5,GENS,M,184,425,43.29411764705882,46.33287205937854,-3.0387544123197188
909,2006.5,GEOL,F,96,220,43.63636363636363,53.66712794062146,-10.03076430425783
910,2006.5,GEOL,M,124,220,56.36363636363636,46.33287205937854,10.030764304257822
911,2006.5,GERM,F,27,47,57.446808510638306,53.66712794062146,3.7796805700168434
912,2006.5,GERM,M,20,47,42.5531914893617,46.33287205937854,-3.7796805700168363
913,2006.5,GNDS,F,19,27,70.37037037037037,53.66712794062146,16.703242429748904
914,2006.5,GNDS,M,8,27,29.629629629629626,46.33287205937854,-16.70324242974891
915,2006.5,GREK,F,8,13,61.53846153846154,53.66712794062146,7.871333597840078
916,2006.5,GREK,M,5,13,38.46153846153847,46.33287205937854,-7.871333597840071
917,2006.5,HIST,F,157,311,50.482315112540185,53.66712794062146,-3.1848128280812773
918,2006.5,HIST,M,154,311,49.51768488745981,46.33287205937854,3.18481282808127
919,2006.5,IDSC,F,11,20,55.00000000000001,53.66712794062146,1.3328720593785448
920,2006.5,IDSC,M,9,20,45.0,46.33287205937854,-1.3328720593785377
921,2006.5,JPNS,F,15,41,36.58536585365854,53.66712794062146,-17.081762086962925
922,2006.5,JPNS,M,26,41,63.41463414634146,46.33287205937854,17.081762086962925
923,2006.5,LAT,F,22,31,70.96774193548387,53.66712794062146,17.30061399486241
924,2006.5,LAT,M,9,31,29.03225806451613,46.33287205937854,-17.300613994862406
925,2006.5,MATH,F,143,338,42.30769230769231,53.66712794062146,-11.359435632929156
926,2006.5,MATH,M,195,338,57.692307692307686,46.33287205937854,11.359435632929149
927,2006.5,MUS,F,336,720,46.666666666666664,53.66712794062146,-7.000461273954798
928,2006.5,MUS,M,384,720,53.333333333333336,46.33287205937854,7.000461273954798
929,2006.5,PHIL,F,56,193,29.015544041450774,53.66712794062146,-24.65158389917069
930,2006.5,PHIL,M,137,193,70.98445595854922,46.33287205937854,24.65158389917068
931,2006.5,PHYS,F,122,344,35.46511627906977,53.66712794062146,-18.202011661551694
932,2006.5,PHYS,M,222,344,64.53488372093024,46.33287205937854,18.2020116615517
933,2006.5,POL,F,140,271,51.66051660516605,53.66712794062146,-2.0066113354554105
934,2006.5,POL,M,131,271,48.33948339483395,46.33287205937854,2.0066113354554105
935,2006.5,PSYC,F,232,340,68.23529411764706,53.66712794062146,14.568166177025596
936,2006.5,PSYC,M,108,340,31.76470588235294,46.33287205937854,-14.5681661770256
937,2006.5,REL,F,68,135,50.37037037037037,53.66712794062146,-3.2967575702510956
938,2006.5,REL,M,67,135,49.629629629629626,46.33287205937854,3.2967575702510885
939,2006.5,RFS,F,66,195,33.84615384615385,53.66712794062146,-19.820974094467616
940,2006.5,RFS,M,129,195,66.15384615384615,46.33287205937854,19.82097409446761
941,2006.5,SOC,F,167,254,65.74803149606299,53.66712794062146,12.08090355544153
942,2006.5,SOC,M,87,254,34.25196850393701,46.33287205937854,-12.08090355544153
943,2006.5,SPAN,F,133,184,72.28260869565217,53.66712794062146,18.61548075503071
944,2006.5,SPAN,M,51,184,27.717391304347828,46.33287205937854,-18.61548075503071
945,2006.5,SSRA,F,264,501,52.69461077844312,53.66712794062146,-0.9725171621783417
946,2006.5,SSRA,M,237,501,47.30538922155689,46.33287205937854,0.9725171621783488
947,2006.5,THTR,F,111,194,57.21649484536082,53.66712794062146,3.549366904739358
948,2006.5,THTR,M,83,194,42.78350515463917,46.33287205937854,-3.5493669047393652
949,2006.5,WLIT,F,31,54,57.407407407407405,53.66712794062146,3.7402794667859425
950,2006.5,WLIT,M,23,54,42.592592592592595,46.33287205937854,-3.7402794667859425
951,2007.0,ANTH,F,79,126,62.698412698412696,54.64550806245201,8.052904635960687
952,2007.0,ANTH,M,47,126,37.301587301587304,45.35449193754799,-8.052904635960687
953,2007.0,ARTH,F,123,197,62.43654822335025,54.64550806245201,7.791040160898241
954,2007.0,ARTH,M,74,197,37.56345177664975,45.35449193754799,-7.791040160898241
955,2007.0,ARTS,F,139,229,60.698689956331876,54.64550806245201,6.0531818938798665
956,2007.0,ARTS,M,90,229,39.30131004366812,45.35449193754799,-6.053181893879874
957,2007.0,ASNS,F,26,46,56.52173913043478,54.64550806245201,1.876231067982772
958,2007.0,ASNS,M,20,46,43.47826086956522,45.35449193754799,-1.876231067982772
959,2007.0,ASTR,F,43,118,36.440677966101696,54.64550806245201,-18.204830096350314
960,2007.0,ASTR,M,75,118,63.559322033898304,45.35449193754799,18.204830096350314
961,2007.0,BBMB,F,74,146,50.68493150684932,54.64550806245201,-3.9605765556026924
962,2007.0,BBMB,M,72,146,49.31506849315068,45.35449193754799,3.9605765556026924
963,2007.0,BIOL,F,396,605,65.45454545454545,54.64550806245201,10.809037392093444
964,2007.0,BIOL,M,209,605,34.54545454545455,45.35449193754799,-10.809037392093444
965,2007.0,CHEM,F,286,491,58.248472505091655,54.64550806245201,3.602964442639646
966,2007.0,CHEM,M,205,491,41.75152749490835,45.35449193754799,-3.6029644426396388
967,2007.0,CHIN,F,36,58,62.06896551724138,54.64550806245201,7.4234574547893715
968,2007.0,CHIN,M,22,58,37.93103448275862,45.35449193754799,-7.4234574547893715
969,2007.0,CLAS,F,21,33,63.63636363636363,54.64550806245201,8.990855573911624
970,2007.0,CLAS,M,12,33,36.36363636363637,45.35449193754799,-8.990855573911624
971,2007.0,DANC,F,106,139,76.2589928057554,54.64550806245201,21.61348474330339
972,2007.0,DANC,M,33,139,23.741007194244602,45.35449193754799,-21.61348474330339
973,2007.0,ECON,F,91,215,42.32558139534884,54.64550806245201,-12.319926667103168
974,2007.0,ECON,M,124,215,57.674418604651166,45.35449193754799,12.319926667103175
975,2007.0,EDUC,F,46,67,68.65671641791045,54.64550806245201,14.011208355458436
976,2007.0,EDUC,M,21,67,31.343283582089555,45.35449193754799,-14.011208355458436
977,2007.0,ENGL,F,182,365,49.86301369863014,54.64550806245201,-4.782494363821868
978,2007.0,ENGL,M,183,365,50.136986301369866,45.35449193754799,4.7824943638218755
979,2007.0,ENVS,F,97,146,66.43835616438356,54.64550806245201,11.792848101931554
980,2007.0,ENVS,M,49,146,33.56164383561644,45.35449193754799,-11.792848101931554
981,2007.0,FREN,F,62,83,74.69879518072288,54.64550806245201,20.053287118270873
982,2007.0,FREN,M,21,83,25.301204819277107,45.35449193754799,-20.053287118270884
983,2007.0,GENS,F,240,412,58.252427184466015,54.64550806245201,3.6069191220140056
984,2007.0,GENS,M,172,412,41.74757281553398,45.35449193754799,-3.6069191220140127
985,2007.0,GEOL,F,151,304,49.67105263157895,54.64550806245201,-4.974455430873057
986,2007.0,GEOL,M,153,304,50.32894736842105,45.35449193754799,4.974455430873057
987,2007.0,GERM,F,22,42,52.38095238095239,54.64550806245201,-2.2645556814996226
988,2007.0,GERM,M,20,42,47.61904761904761,45.35449193754799,2.2645556814996226
989,2007.0,GNDS,F,22,32,68.75,54.64550806245201,14.10449193754799
990,2007.0,GNDS,M,10,32,31.25,45.35449193754799,-14.10449193754799
991,2007.0,GREK,F,5,11,45.45454545454545,54.64550806245201,-9.190962607906556
992,2007.0,GREK,M,6,11,54.54545454545454,45.35449193754799,9.190962607906549
993,2007.0,HIST,F,107,260,41.15384615384615,54.64550806245201,-13.491661908605856
994,2007.0,HIST,M,153,260,58.84615384615385,45.35449193754799,13.491661908605856
995,2007.0,JPNS,F,19,41,46.34146341463415,54.64550806245201,-8.304044647817861
996,2007.0,JPNS,M,22,41,53.65853658536586,45.35449193754799,8.304044647817868
997,2007.0,LAT,F,12,17,70.58823529411765,54.64550806245201,15.942727231665643
998,2007.0,LAT,M,5,17,29.411764705882355,45.35449193754799,-15.942727231665636
999,2007.0,MATH,F,105,283,37.102473498233216,54.64550806245201,-17.543034564218793
1000,2007.0,MATH,M,178,283,62.89752650176679,45.35449193754799,17.5430345642188
1001,2007.0,MUS,F,354,638,55.4858934169279,54.64550806245201,0.8403853544758917
1002,2007.0,MUS,M,284,638,44.5141065830721,45.35449193754799,-0.8403853544758917
1003,2007.0,PHIL,F,82,207,39.61352657004831,54.64550806245201,-15.031981492403702
1004,2007.0,PHIL,M,125,207,60.38647342995169,45.35449193754799,15.031981492403702
1005,2007.0,PHYS,F,96,261,36.7816091954023,54.64550806245201,-17.863898867049713
1006,2007.0,PHYS,M,165,261,63.2183908045977,45.35449193754799,17.863898867049713
1007,2007.0,POL,F,171,324,52.77777777777778,54.64550806245201,-1.8677302846742307
1008,2007.0,POL,M,153,324,47.22222222222222,45.35449193754799,1.8677302846742307
1009,2007.0,PSYC,F,197,298,66.10738255033557,54.64550806245201,11.461874487883563
1010,2007.0,PSYC,M,101,298,33.89261744966443,45.35449193754799,-11.461874487883563
1011,2007.0,REL,F,82,158,51.89873417721519,54.64550806245201,-2.74677388523682
1012,2007.0,REL,M,76,158,48.10126582278481,45.35449193754799,2.74677388523682
1013,2007.0,RFS,F,72,160,45.0,54.64550806245201,-9.64550806245201
1014,2007.0,RFS,M,88,160,55.00000000000001,45.35449193754799,9.645508062452016
1015,2007.0,SOC,F,151,242,62.396694214876035,54.64550806245201,7.751186152424026
1016,2007.0,SOC,M,91,242,37.60330578512397,45.35449193754799,-7.751186152424019
1017,2007.0,SPAN,F,89,123,72.35772357723577,54.64550806245201,17.712215514783765
1018,2007.0,SPAN,M,34,123,27.64227642276423,45.35449193754799,-17.71221551478376
1019,2007.0,SSRA,F,316,641,49.297971918876755,54.64550806245201,-5.347536143575255
1020,2007.0,SSRA,M,325,641,50.70202808112324,45.35449193754799,5.3475361435752475
1021,2007.0,THTR,F,112,198,56.56565656565656,54.64550806245201,1.920148503204551
1022,2007.0,THTR,M,86,198,43.43434343434344,45.35449193754799,-1.920148503204551
1023,2007.0,WLIT,F,47,83,56.62650602409639,54.64550806245201,1.980997961644384
1024,2007.0,WLIT,M,36,83,43.373493975903614,45.35449193754799,-1.980997961644377
1025,2007.5,ANTH,F,46,85,54.11764705882353,56.1827632056086,-2.0651161467850727
1026,2007.5,ANTH,M,39,85,45.88235294117647,43.74471171280067,2.1376412283757986
1027,2007.5,ARTH,F,98,156,62.82051282051282,56.1827632056086,6.637749614904216
1028,2007.5,ARTH,M,58,156,37.17948717948718,43.74471171280067,-6.56522453331349
1029,2007.5,ARTS,F,132,214,61.6822429906542,56.1827632056086,5.499479785045601
1030,2007.5,ARTS,M,82,214,38.31775700934579,43.74471171280067,-5.426954703454882
1031,2007.5,ASTR,F,51,118,43.22033898305085,56.1827632056086,-12.96242422255775
1032,2007.5,ASTR,M,67,118,56.779661016949156,43.74471171280067,13.034949304148483
1033,2007.5,BBMB,F,36,63,57.14285714285714,56.1827632056086,0.9600939372485371
1034,2007.5,BBMB,M,27,63,42.857142857142854,43.74471171280067,-0.8875688556578183
1035,2007.5,BIOL,F,336,568,59.154929577464785,56.1827632056086,2.972166371856183
1036,2007.5,BIOL,M,232,568,40.845070422535215,43.74471171280067,-2.899641290265457
1037,2007.5,CHEM,F,324,573,56.54450261780105,56.1827632056086,0.3617394121924491
1038,2007.5,CHEM,M,247,573,43.1064572425829,43.74471171280067,-0.6382544702177739
1039,2007.5,CHEM,U,2,573,0.34904013961605584,0.07252508159071679,0.27651505802533904
1040,2007.5,CHIN,F,34,62,54.83870967741935,56.1827632056086,-1.3440535281892494
1041,2007.5,CHIN,M,28,62,45.16129032258064,43.74471171280067,1.4165786097799682
1042,2007.5,CLAS,F,23,38,60.526315789473685,56.1827632056086,4.343552583865083
1043,2007.5,CLAS,M,15,38,39.473684210526315,43.74471171280067,-4.271027502274357
1044,2007.5,DANC,F,113,144,78.47222222222221,56.1827632056086,22.289459016613613
1045,2007.5,DANC,M,31,144,21.52777777777778,43.74471171280067,-22.216933935022894
1046,2007.5,ECON,F,108,254,42.51968503937008,56.1827632056086,-13.66307816623852
1047,2007.5,ECON,M,145,254,57.08661417322835,43.74471171280067,13.341902460427676
1048,2007.5,ECON,U,1,254,0.39370078740157477,0.07252508159071679,0.32117570581085797
1049,2007.5,EDUC,F,38,51,74.50980392156863,56.1827632056086,18.32704071596003
1050,2007.5,EDUC,M,13,51,25.49019607843137,43.74471171280067,-18.2545156343693
1051,2007.5,ENGL,F,207,365,56.71232876712329,56.1827632056086,0.529565561514687
1052,2007.5,ENGL,M,158,365,43.28767123287671,43.74471171280067,-0.45704047992396113
1053,2007.5,ENVS,F,138,206,66.99029126213593,56.1827632056086,10.807528056527325
1054,2007.5,ENVS,M,68,206,33.00970873786408,43.74471171280067,-10.735002974936592
1055,2007.5,FLL,F,15,26,57.692307692307686,56.1827632056086,1.5095444866990846
1056,2007.5,FLL,M,11,26,42.30769230769231,43.74471171280067,-1.4370194051083658
1057,2007.5,FREN,F,89,119,74.78991596638656,56.1827632056086,18.607152760777957
1058,2007.5,FREN,M,30,119,25.210084033613445,43.74471171280067,-18.534627679187228
1059,2007.5,GENS,F,278,479,58.037578288100214,56.1827632056086,1.854815082491612
1060,2007.5,GENS,M,200,479,41.75365344467641,43.74471171280067,-1.991058268124263
1061,2007.5,GENS,U,1,479,0.20876826722338201,0.07252508159071679,0.13624318563266524
1062,2007.5,GEOL,F,187,332,56.325301204819276,56.1827632056086,0.14253799921067412
1063,2007.5,GEOL,M,145,332,43.674698795180724,43.74471171280067,-0.07001291761994821
1064,2007.5,GERM,F,25,47,53.191489361702125,56.1827632056086,-2.9912738439064768
1065,2007.5,GERM,M,22,47,46.808510638297875,43.74471171280067,3.0637989254972027
1066,2007.5,GNDS,F,19,28,67.85714285714286,56.1827632056086,11.67437965153426
1067,2007.5,GNDS,M,9,28,32.142857142857146,43.74471171280067,-11.601854569943526
1068,2007.5,HIST,F,151,332,45.48192771084337,56.1827632056086,-10.70083549476523
1069,2007.5,HIST,M,181,332,54.51807228915663,43.74471171280067,10.773360576355955
1070,2007.5,IDSC,F,12,17,70.58823529411765,56.1827632056086,14.40547208850905
1071,2007.5,IDSC,M,5,17,29.411764705882355,43.74471171280067,-14.332947006918317
1072,2007.5,JPNS,F,26,51,50.98039215686274,56.1827632056086,-5.20237104874586
1073,2007.5,JPNS,M,25,51,49.01960784313725,43.74471171280067,5.274896130336579
1074,2007.5,LAT,F,20,21,95.23809523809523,56.1827632056086,39.055332032486625
1075,2007.5,LAT,M,1,21,4.761904761904762,43.74471171280067,-38.98280695089591
1076,2007.5,LIBR,F,4,12,33.33333333333333,56.1827632056086,-22.849429872275273
1077,2007.5,LIBR,M,8,12,66.66666666666666,43.74471171280067,22.921954953865985
1078,2007.5,MATH,F,188,393,47.837150127226465,56.1827632056086,-8.345613078382137
1079,2007.5,MATH,M,204,393,51.908396946564885,43.74471171280067,8.163685233764213
1080,2007.5,MATH,U,1,393,0.2544529262086514,0.07252508159071679,0.1819278446179346
1081,2007.5,MUS,F,375,717,52.30125523012552,56.1827632056086,-3.881507975483082
1082,2007.5,MUS,M,341,717,47.559274755927476,43.74471171280067,3.814563043126803
1083,2007.5,MUS,U,1,717,0.1394700139470014,0.07252508159071679,0.06694493235628461
1084,2007.5,PHIL,F,89,215,41.3953488372093,56.1827632056086,-14.787414368399304
1085,2007.5,PHIL,M,126,215,58.6046511627907,43.74471171280067,14.85993944999003
1086,2007.5,PHYS,F,106,301,35.21594684385382,56.1827632056086,-20.96681636175478
1087,2007.5,PHYS,M,195,301,64.78405315614619,43.74471171280067,21.039341443345513
1088,2007.5,POL,F,125,222,56.30630630630631,56.1827632056086,0.12354310069770946
1089,2007.5,POL,M,97,222,43.69369369369369,43.74471171280067,-0.05101801910698356
1090,2007.5,PSYC,F,295,456,64.69298245614034,56.1827632056086,8.51021925053174
1091,2007.5,PSYC,M,161,456,35.30701754385965,43.74471171280067,-8.437694168941022
1092,2007.5,REL,F,52,103,50.48543689320388,56.1827632056086,-5.697326312404719
1093,2007.5,REL,M,51,103,49.51456310679612,43.74471171280067,5.769851393995445
1094,2007.5,RFS,F,130,271,47.97047970479705,56.1827632056086,-8.212283500811552
1095,2007.5,RFS,M,141,271,52.02952029520295,43.74471171280067,8.284808582402277
1096,2007.5,SOC,F,174,243,71.60493827160494,56.1827632056086,15.422175065996335
1097,2007.5,SOC,M,69,243,28.39506172839506,43.74471171280067,-15.349649984405612
1098,2007.5,SPAN,F,150,211,71.09004739336493,56.1827632056086,14.907284187756325
1099,2007.5,SPAN,M,61,211,28.90995260663507,43.74471171280067,-14.834759106165603
1100,2007.5,SSRA,F,280,497,56.33802816901409,56.1827632056086,0.1552649634054859
1101,2007.5,SSRA,M,217,497,43.66197183098591,43.74471171280067,-0.08273988181476
1102,2007.5,THTR,F,112,193,58.03108808290155,56.1827632056086,1.8483248772929457
1103,2007.5,THTR,M,81,193,41.968911917098445,43.74471171280067,-1.775799795702227
1104,2007.5,WLIT,F,47,71,66.19718309859155,56.1827632056086,10.01441989298295
1105,2007.5,WLIT,M,24,71,33.80281690140845,43.74471171280067,-9.941894811392224
1106,2008.4,ANTH,F,16,20,80.0,80.76923076923077,-0.7692307692307736
1107,2008.4,ANTH,M,4,20,20.0,19.230769230769234,0.7692307692307665
1108,2008.4,ASNS,F,13,16,81.25,80.76923076923077,0.4807692307692264
1109,2008.4,ASNS,M,3,16,18.75,19.230769230769234,-0.4807692307692335
1110,2008.4,CHIN,F,13,16,81.25,80.76923076923077,0.4807692307692264
1111,2008.4,CHIN,M,3,16,18.75,19.230769230769234,-0.4807692307692335
1112,2008.5,ANTH,F,90,138,65.21739130434783,55.7391304347826,9.478260869565226
1113,2008.5,ANTH,M,48,138,34.78260869565217,44.17391304347826,-9.391304347826086
1114,2008.5,ARTH,F,98,147,66.66666666666666,55.7391304347826,10.927536231884055
1115,2008.5,ARTH,M,49,147,33.33333333333333,44.17391304347826,-10.84057971014493
1116,2008.5,ARTS,F,136,198,68.68686868686868,55.7391304347826,12.947738252086076
1117,2008.5,ARTS,M,62,198,31.313131313131315,44.17391304347826,-12.860781730346943
1118,2008.5,ASNS,F,3,10,30.0,55.7391304347826,-25.739130434782602
1119,2008.5,ASNS,M,7,10,70.0,44.17391304347826,25.826086956521742
1120,2008.5,ASTR,F,44,109,40.36697247706422,55.7391304347826,-15.372157957718379
1121,2008.5,ASTR,M,65,109,59.63302752293578,44.17391304347826,15.459114479457519
1122,2008.5,BBMB,F,18,42,42.857142857142854,55.7391304347826,-12.881987577639748
1123,2008.5,BBMB,M,24,42,57.14285714285714,44.17391304347826,12.96894409937888
1124,2008.5,BIOL,F,363,599,60.60100166944908,55.7391304347826,4.861871234666481
1125,2008.5,BIOL,M,236,599,39.39899833055092,44.17391304347826,-4.774914712927341
1126,2008.5,CHEM,F,310,627,49.441786283891545,55.7391304347826,-6.297344150891057
1127,2008.5,CHEM,M,317,627,50.558213716108455,44.17391304347826,6.3843006726301965
1128,2008.5,CHIN,F,31,57,54.385964912280706,55.7391304347826,-1.3531655225018966
1129,2008.5,CHIN,M,26,57,45.614035087719294,44.17391304347826,1.4401220442410363
1130,2008.5,CLAS,F,33,65,50.76923076923077,55.7391304347826,-4.969899665551836
1131,2008.5,CLAS,M,32,65,49.23076923076923,44.17391304347826,5.056856187290975
1132,2008.5,DANC,F,71,81,87.65432098765432,55.7391304347826,31.915190552871714
1133,2008.5,DANC,M,10,81,12.345679012345679,44.17391304347826,-31.82823403113258
1134,2008.5,ECON,F,114,277,41.15523465703971,55.7391304347826,-14.583895777742889
1135,2008.5,ECON,M,163,277,58.844765342960294,44.17391304347826,14.670852299482036
1136,2008.5,EDUC,F,35,58,60.3448275862069,55.7391304347826,4.605697151424295
1137,2008.5,EDUC,M,23,58,39.6551724137931,44.17391304347826,-4.518740629685155
1138,2008.5,ENGL,F,194,348,55.74712643678161,55.7391304347826,0.007996001999011071
1139,2008.5,ENGL,M,154,348,44.252873563218394,44.17391304347826,0.07896051974013574
1140,2008.5,ENVS,F,149,249,59.83935742971887,55.7391304347826,4.100226994936271
1141,2008.5,ENVS,M,100,249,40.16064257028113,44.17391304347826,-4.013270473197132
1142,2008.5,FLL,F,20,27,74.07407407407408,55.7391304347826,18.334943639291474
1143,2008.5,FLL,M,7,27,25.925925925925924,44.17391304347826,-18.247987117552334
1144,2008.5,FREN,F,92,126,73.01587301587301,55.7391304347826,17.27674258109041
1145,2008.5,FREN,M,34,126,26.984126984126984,44.17391304347826,-17.189786059351274
1146,2008.5,GENS,F,257,466,55.15021459227468,55.7391304347826,-0.5889158425079231
1147,2008.5,GENS,M,209,466,44.84978540772532,44.17391304347826,0.6758723642470628
1148,2008.5,GEOL,F,170,310,54.83870967741935,55.7391304347826,-0.9004207573632499
1149,2008.5,GEOL,M,138,310,44.516129032258064,44.17391304347826,0.34221598877980597
1150,2008.5,GEOL,U,2,310,0.6451612903225806,0.08695652173913043,0.5582047685834501
1151,2008.5,GERM,F,33,57,57.89473684210527,55.7391304347826,2.155606407322665
1152,2008.5,GERM,M,24,57,42.10526315789473,44.17391304347826,-2.0686498855835254
1153,2008.5,GNDS,F,29,40,72.5,55.7391304347826,16.760869565217398
1154,2008.5,GNDS,M,10,40,25.0,44.17391304347826,-19.173913043478258
1155,2008.5,GNDS,U,1,40,2.5,0.08695652173913043,2.4130434782608696
1156,2008.5,HIST,F,140,301,46.51162790697674,55.7391304347826,-9.22750252780586
1157,2008.5,HIST,M,160,301,53.156146179402,44.17391304347826,8.982233135923742
1158,2008.5,HIST,U,1,301,0.33222591362126247,0.08695652173913043,0.24526939188213204
1159,2008.5,IDSC,F,120,186,64.51612903225806,55.7391304347826,8.776998597475462
1160,2008.5,IDSC,M,66,186,35.483870967741936,44.17391304347826,-8.690042075736322
1161,2008.5,JPNS,F,18,44,40.909090909090914,55.7391304347826,-14.830039525691689
1162,2008.5,JPNS,M,26,44,59.09090909090909,44.17391304347826,14.916996047430835
1163,2008.5,LIBR,F,9,18,50.0,55.7391304347826,-5.739130434782602
1164,2008.5,LIBR,M,9,18,50.0,44.17391304347826,5.826086956521742
1165,2008.5,MATH,F,171,366,46.72131147540984,55.7391304347826,-9.017818959372761
1166,2008.5,MATH,M,195,366,53.278688524590166,44.17391304347826,9.104775481111908
1167,2008.5,MUS,F,340,669,50.82212257100149,55.7391304347826,-4.917007863781109
1168,2008.5,MUS,M,328,669,49.02840059790732,44.17391304347826,4.854487554429063
1169,2008.5,MUS,U,1,669,0.14947683109118087,0.08695652173913043,0.06252030935205044
1170,2008.5,PHIL,F,69,165,41.81818181818181,55.7391304347826,-13.92094861660079
1171,2008.5,PHIL,M,96,165,58.18181818181818,44.17391304347826,14.007905138339922
1172,2008.5,PHYS,F,127,265,47.924528301886795,55.7391304347826,-7.814602132895807
1173,2008.5,PHYS,M,136,265,51.320754716981135,44.17391304347826,7.146841673502877
1174,2008.5,PHYS,U,2,265,0.7547169811320755,0.08695652173913043,0.6677604593929451
1175,2008.5,POL,F,147,286,51.39860139860139,55.7391304347826,-4.340529036181209
1176,2008.5,POL,M,139,286,48.6013986013986,44.17391304347826,4.427485557920342
1177,2008.5,PSYC,F,243,342,71.05263157894737,55.7391304347826,15.313501144164768
1178,2008.5,PSYC,M,99,342,28.947368421052634,44.17391304347826,-15.226544622425624
1179,2008.5,REL,F,43,90,47.77777777777778,55.7391304347826,-7.961352657004824
1180,2008.5,REL,M,47,90,52.22222222222223,44.17391304347826,8.04830917874397
1181,2008.5,RFS,F,61,146,41.78082191780822,55.7391304347826,-13.958308516974384
1182,2008.5,RFS,M,85,146,58.21917808219178,44.17391304347826,14.045265038713524
1183,2008.5,SOC,F,158,234,67.52136752136752,55.7391304347826,11.78223708658492
1184,2008.5,SOC,M,76,234,32.47863247863248,44.17391304347826,-11.695280564845781
1185,2008.5,SPAN,F,157,227,69.16299559471366,55.7391304347826,13.423865159931061
1186,2008.5,SPAN,M,70,227,30.837004405286343,44.17391304347826,-13.336908638191915
1187,2008.5,SSRA,F,248,442,56.10859728506787,55.7391304347826,0.3694668502852707
1188,2008.5,SSRA,M,194,442,43.89140271493213,44.17391304347826,-0.282510328546131
1189,2008.5,THTR,F,118,193,61.13989637305699,55.7391304347826,5.4007659382743896
1190,2008.5,THTR,M,75,193,38.860103626943,44.17391304347826,-5.313809416535257
1191,2008.5,WLIT,F,11,25,44.0,55.7391304347826,-11.739130434782602
1192,2008.5,WLIT,M,14,25,56.00000000000001,44.17391304347826,11.826086956521749
1193,2009.0,ANTH,F,70,106,66.0377358490566,56.01726263871763,10.02047321033897
1194,2009.0,ANTH,M,36,106,33.9622641509434,43.92108508014796,-9.958820929204563
1195,2009.0,ARTH,F,103,177,58.19209039548022,56.01726263871763,2.174827756762589
1196,2009.0,ARTH,M,74,177,41.80790960451977,43.92108508014796,-2.1131754756281893
1197,2009.0,ARTS,F,181,267,67.79026217228464,56.01726263871763,11.77299953356701
1198,2009.0,ARTS,M,86,267,32.20973782771536,43.92108508014796,-11.711347252432603
1199,2009.0,ASNS,F,13,36,36.11111111111111,56.01726263871763,-19.906151527606525
1200,2009.0,ASNS,M,23,36,63.888888888888886,43.92108508014796,19.967803808740925
1201,2009.0,ASTR,F,15,46,32.608695652173914,56.01726263871763,-23.40856698654372
1202,2009.0,ASTR,M,31,46,67.3913043478261,43.92108508014796,23.470219267678132
1203,2009.0,BBMB,F,42,103,40.77669902912621,56.01726263871763,-15.240563609591419
1204,2009.0,BBMB,M,61,103,59.22330097087378,43.92108508014796,15.302215890725819
1205,2009.0,BIOL,F,349,576,60.59027777777778,56.01726263871763,4.573015139060146
1206,2009.0,BIOL,M,227,576,39.40972222222222,43.92108508014796,-4.511362857925739
1207,2009.0,CHEM,F,332,590,56.271186440677965,56.01726263871763,0.25392380196033315
1208,2009.0,CHEM,M,258,590,43.728813559322035,43.92108508014796,-0.19227152082592625
1209,2009.0,CHIN,F,21,38,55.26315789473685,56.01726263871763,-0.7541047439807826
1210,2009.0,CHIN,M,17,38,44.73684210526316,43.92108508014796,0.8157570251151967
1211,2009.0,CLAS,F,10,21,47.61904761904761,56.01726263871763,-8.398215019670019
1212,2009.0,CLAS,M,11,21,52.38095238095239,43.92108508014796,8.459867300804426
1213,2009.0,DANC,F,103,124,83.06451612903226,56.01726263871763,27.047253490314624
1214,2009.0,DANC,M,21,124,16.93548387096774,43.92108508014796,-26.98560120918022
1215,2009.0,ECON,F,124,311,39.87138263665595,56.01726263871763,-16.14588000206168
1216,2009.0,ECON,M,187,311,60.12861736334405,43.92108508014796,16.207532283196088
1217,2009.0,EDUC,F,43,57,75.43859649122807,56.01726263871763,19.421333852510436
1218,2009.0,EDUC,M,14,57,24.561403508771928,43.92108508014796,-19.359681571376033
1219,2009.0,ENGL,F,203,368,55.16304347826087,56.01726263871763,-0.8542191604567648
1220,2009.0,ENGL,M,164,368,44.565217391304344,43.92108508014796,0.6441323111563833
1221,2009.0,ENGL,U,1,368,0.2717391304347826,0.06165228113440197,0.21008684930038063
1222,2009.0,ENVS,F,167,253,66.00790513833992,56.01726263871763,9.99064249962229
1223,2009.0,ENVS,M,86,253,33.99209486166008,43.92108508014796,-9.928990218487883
1224,2009.0,FLL,F,14,18,77.77777777777779,56.01726263871763,21.760515139060153
1225,2009.0,FLL,M,4,18,22.22222222222222,43.92108508014796,-21.69886285792574
1226,2009.0,FREN,F,74,102,72.54901960784314,56.01726263871763,16.531756969125503
1227,2009.0,FREN,M,28,102,27.450980392156865,43.92108508014796,-16.470104687991096
1228,2009.0,GENS,F,258,453,56.95364238410596,56.01726263871763,0.9363797453883294
1229,2009.0,GENS,M,195,453,43.04635761589404,43.92108508014796,-0.8747274642539224
1230,2009.0,GEOL,F,173,314,55.095541401273884,56.01726263871763,-0.921721237443748
1231,2009.0,GEOL,M,141,314,44.904458598726116,43.92108508014796,0.9833735185781549
1232,2009.0,GERM,F,23,38,60.526315789473685,56.01726263871763,4.509053150756053
1233,2009.0,GERM,M,15,38,39.473684210526315,43.92108508014796,-4.447400869621646
1234,2009.0,GNDS,F,27,38,71.05263157894737,56.01726263871763,15.035368940229738
1235,2009.0,GNDS,M,10,38,26.31578947368421,43.92108508014796,-17.605295606463752
1236,2009.0,GNDS,U,1,38,2.631578947368421,0.06165228113440197,2.5699266662340188
1237,2009.0,HIST,F,140,311,45.01607717041801,56.01726263871763,-11.001185468299624
1238,2009.0,HIST,M,171,311,54.983922829581985,43.92108508014796,11.062837749434024
1239,2009.0,JPNS,F,16,35,45.714285714285715,56.01726263871763,-10.302976924431917
1240,2009.0,JPNS,M,19,35,54.285714285714285,43.92108508014796,10.364629205566324
1241,2009.0,LAT,F,10,11,90.9090909090909,56.01726263871763,34.891828270373274
1242,2009.0,LAT,M,1,11,9.090909090909092,43.92108508014796,-34.83017598923887
1243,2009.0,LIBR,F,9,12,75.0,56.01726263871763,18.982737361282368
1244,2009.0,LIBR,M,3,12,25.0,43.92108508014796,-18.92108508014796
1245,2009.0,MATH,F,165,337,48.96142433234421,56.01726263871763,-7.055838306373424
1246,2009.0,MATH,M,172,337,51.038575667655785,43.92108508014796,7.117490587507824
1247,2009.0,MUS,F,354,655,54.045801526717554,56.01726263871763,-1.9714611120000782
1248,2009.0,MUS,M,300,655,45.80152671755725,43.92108508014796,1.880441637409291
1249,2009.0,MUS,U,1,655,0.15267175572519084,0.06165228113440197,0.09101947459078888
1250,2009.0,PHIL,F,74,182,40.65934065934066,56.01726263871763,-15.357921979376975
1251,2009.0,PHIL,M,108,182,59.34065934065934,43.92108508014796,15.419574260511382
1252,2009.0,PHYS,F,104,223,46.63677130044843,56.01726263871763,-9.380491338269202
1253,2009.0,PHYS,M,119,223,53.36322869955157,43.92108508014796,9.442143619403609
1254,2009.0,POL,F,127,254,50.0,56.01726263871763,-6.017262638717632
1255,2009.0,POL,M,126,254,49.60629921259843,43.92108508014796,5.685214132450469
1256,2009.0,POL,U,1,254,0.39370078740157477,0.06165228113440197,0.3320485062671728
1257,2009.0,PSYC,F,249,367,67.8474114441417,56.01726263871763,11.830148805424066
1258,2009.0,PSYC,M,118,367,32.15258855585831,43.92108508014796,-11.768496524289652
1259,2009.0,REL,F,70,143,48.95104895104895,56.01726263871763,-7.066213687668679
1260,2009.0,REL,M,73,143,51.048951048951054,43.92108508014796,7.127865968803093
1261,2009.0,RFS,F,66,167,39.52095808383233,56.01726263871763,-16.4963045548853
1262,2009.0,RFS,M,101,167,60.47904191616767,43.92108508014796,16.557956836019706
1263,2009.0,SOC,F,163,254,64.1732283464567,56.01726263871763,8.155965707739064
1264,2009.0,SOC,M,90,254,35.43307086614173,43.92108508014796,-8.488014214006228
1265,2009.0,SOC,U,1,254,0.39370078740157477,0.06165228113440197,0.3320485062671728
1266,2009.0,SPAN,F,144,204,70.58823529411765,56.01726263871763,14.57097265540002
1267,2009.0,SPAN,M,60,204,29.411764705882355,43.92108508014796,-14.509320374265606
1268,2009.0,SSRA,F,367,675,54.37037037037037,56.01726263871763,-1.6468922683472655
1269,2009.0,SSRA,M,308,675,45.62962962962963,43.92108508014796,1.7085445494816724
1270,2009.0,THTR,F,105,188,55.85106382978723,56.01726263871763,-0.16619880893040317
1271,2009.0,THTR,M,83,188,44.148936170212764,43.92108508014796,0.22785109006480297
1272,2009.0,WLIT,F,21,39,53.84615384615385,56.01726263871763,-2.1711087925637855
1273,2009.0,WLIT,M,18,39,46.15384615384615,43.92108508014796,2.2327610736981924
1274,2009.5,ANTH,F,75,107,70.09345794392523,57.95710392226567,12.136354021659564
1275,2009.5,ANTH,M,32,107,29.906542056074763,41.983647351581936,-12.077105295507174
1276,2009.5,ARTH,F,74,117,63.24786324786324,57.95710392226567,5.290759325597577
1277,2009.5,ARTH,M,43,117,36.75213675213676,41.983647351581936,-5.23151059944518
1278,2009.5,ARTS,F,160,233,68.6695278969957,57.95710392226567,10.712423974730036
1279,2009.5,ARTS,M,73,233,31.330472103004293,41.983647351581936,-10.653175248577643
1280,2009.5,ASNS,F,7,16,43.75,57.95710392226567,-14.207103922265667
1281,2009.5,ASNS,M,9,16,56.25,41.983647351581936,14.266352648418064
1282,2009.5,ASTR,F,80,149,53.691275167785236,57.95710392226567,-4.265828754480431
1283,2009.5,ASTR,M,69,149,46.308724832214764,41.983647351581936,4.325077480632828
1284,2009.5,BBMB,F,27,51,52.94117647058824,57.95710392226567,-5.0159274516774275
1285,2009.5,BBMB,M,24,51,47.05882352941176,41.983647351581936,5.0751761778298246
1286,2009.5,BIOL,F,345,537,64.24581005586593,57.95710392226567,6.2887061336002645
1287,2009.5,BIOL,M,192,537,35.754189944134076,41.983647351581936,-6.22945740744786
1288,2009.5,CHEM,F,355,656,54.11585365853659,57.95710392226567,-3.84125026372908
1289,2009.5,CHEM,M,301,656,45.88414634146341,41.983647351581936,3.900498989881477
1290,2009.5,CHIN,F,28,49,57.14285714285714,57.95710392226567,-0.8142467794085277
1291,2009.5,CHIN,M,21,49,42.857142857142854,41.983647351581936,0.8734955055609177
1292,2009.5,CLAS,F,45,58,77.58620689655173,57.95710392226567,19.629102974286063
1293,2009.5,CLAS,M,12,58,20.689655172413794,41.983647351581936,-21.293992179168143
1294,2009.5,CLAS,U,1,58,1.7241379310344827,0.05924872615238773,1.664889204882095
1295,2009.5,DANC,F,84,99,84.84848484848484,57.95710392226567,26.891380926219178
1296,2009.5,DANC,M,15,99,15.151515151515152,41.983647351581936,-26.832132200066784
1297,2009.5,ECON,F,127,300,42.333333333333336,57.95710392226567,-15.62377058893233
1298,2009.5,ECON,M,173,300,57.666666666666664,41.983647351581936,15.683019315084728
1299,2009.5,EDUC,F,58,86,67.44186046511628,57.95710392226567,9.484756542850612
1300,2009.5,EDUC,M,28,86,32.55813953488372,41.983647351581936,-9.425507816698214
1301,2009.5,ENGL,F,232,371,62.53369272237197,57.95710392226567,4.5765888001063
1302,2009.5,ENGL,M,139,371,37.46630727762803,41.983647351581936,-4.517340073953903
1303,2009.5,ENVS,F,139,216,64.35185185185185,57.95710392226567,6.394747929586181
1304,2009.5,ENVS,M,77,216,35.648148148148145,41.983647351581936,-6.335499203433791
1305,2009.5,FREN,F,91,126,72.22222222222221,57.95710392226567,14.265118299956548
1306,2009.5,FREN,M,35,126,27.77777777777778,41.983647351581936,-14.205869573804158
1307,2009.5,GENS,F,273,462,59.09090909090909,57.95710392226567,1.133805168643427
1308,2009.5,GENS,M,189,462,40.909090909090914,41.983647351581936,-1.0745564424910228
1309,2009.5,GEOL,F,251,404,62.12871287128713,57.95710392226567,4.171608949021461
1310,2009.5,GEOL,M,153,404,37.87128712871287,41.983647351581936,-4.112360222869064
1311,2009.5,GERM,F,34,59,57.6271186440678,57.95710392226567,-0.32998527819786716
1312,2009.5,GERM,M,25,59,42.3728813559322,41.983647351581936,0.38923400435026423
1313,2009.5,GNDS,F,13,23,56.52173913043478,57.95710392226567,-1.4353647918308852
1314,2009.5,GNDS,M,10,23,43.47826086956522,41.983647351581936,1.4946135179832822
1315,2009.5,HIST,F,168,331,50.755287009063444,57.95710392226567,-7.201816913202222
1316,2009.5,HIST,M,163,331,49.244712990936556,41.983647351581936,7.261065639354619
1317,2009.5,INTL,F,8,12,66.66666666666666,57.95710392226567,8.70956274440099
1318,2009.5,INTL,M,4,12,33.33333333333333,41.983647351581936,-8.650314018248608
1319,2009.5,JPNS,F,22,37,59.45945945945946,57.95710392226567,1.5023555371937931
1320,2009.5,JPNS,M,15,37,40.54054054054054,41.983647351581936,-1.443106811041396
1321,2009.5,LAT,F,16,20,80.0,57.95710392226567,22.042896077734333
1322,2009.5,LAT,M,4,20,20.0,41.983647351581936,-21.983647351581936
1323,2009.5,LIBR,F,8,16,50.0,57.95710392226567,-7.9571039222656665
1324,2009.5,LIBR,M,8,16,50.0,41.983647351581936,8.016352648418064
1325,2009.5,MATH,F,205,401,51.12219451371571,57.95710392226567,-6.834909408549954
1326,2009.5,MATH,M,196,401,48.87780548628429,41.983647351581936,6.8941581347023515
1327,2009.5,MUS,F,364,702,51.85185185185185,57.95710392226567,-6.105252070413819
1328,2009.5,MUS,M,337,702,48.00569800569801,41.983647351581936,6.022050654116072
1329,2009.5,MUS,U,1,702,0.14245014245014245,0.05924872615238773,0.08320141629775472
1330,2009.5,PHIL,F,71,173,41.040462427745666,57.95710392226567,-16.91664149452
1331,2009.5,PHIL,M,102,173,58.95953757225434,41.983647351581936,16.975890220672404
1332,2009.5,PHYS,F,135,293,46.075085324232084,57.95710392226567,-11.882018598033582
1333,2009.5,PHYS,M,158,293,53.92491467576792,41.983647351581936,11.941267324185986
1334,2009.5,POL,F,170,319,53.29153605015674,57.95710392226567,-4.665567872108923
1335,2009.5,POL,M,148,319,46.39498432601881,41.983647351581936,4.411336974436871
1336,2009.5,POL,U,1,319,0.3134796238244514,0.05924872615238773,0.25423089767206364
1337,2009.5,PSYC,F,229,346,66.1849710982659,57.95710392226567,8.227867176000238
1338,2009.5,PSYC,M,117,346,33.81502890173411,41.983647351581936,-8.168618449847827
1339,2009.5,REL,F,54,110,49.09090909090909,57.95710392226567,-8.866194831356573
1340,2009.5,REL,M,56,110,50.90909090909091,41.983647351581936,8.92544355750897
1341,2009.5,RFS,F,61,148,41.21621621621622,57.95710392226567,-16.74088770604945
1342,2009.5,RFS,M,87,148,58.78378378378378,41.983647351581936,16.800136432201846
1343,2009.5,SOC,F,204,305,66.88524590163935,57.95710392226567,8.928141979373684
1344,2009.5,SOC,M,99,305,32.459016393442624,41.983647351581936,-9.524630958139312
1345,2009.5,SOC,U,2,305,0.6557377049180327,0.05924872615238773,0.596488978765645
1346,2009.5,SPAN,F,177,259,68.33976833976834,57.95710392226567,10.382664417502674
1347,2009.5,SPAN,M,82,259,31.66023166023166,41.983647351581936,-10.323415691350277
1348,2009.5,SSRA,F,352,573,61.43106457242583,57.95710392226567,3.4739606501601656
1349,2009.5,SSRA,M,221,573,38.56893542757417,41.983647351581936,-3.4147119240077686
1350,2009.5,THTR,F,119,235,50.638297872340424,57.95710392226567,-7.318806049925243
1351,2009.5,THTR,M,116,235,49.361702127659576,41.983647351581936,7.37805477607764
1352,2009.5,WLIT,F,16,23,69.56521739130434,57.95710392226567,11.608113469038678
1353,2009.5,WLIT,M,7,23,30.434782608695656,41.983647351581936,-11.54886474288628
1354,2010.0,ANTH,F,93,129,72.09302325581395,58.26441328059451,13.828609975219436
1355,2010.0,ANTH,M,36,129,27.906976744186046,41.651684046506055,-13.744707302320009
1356,2010.0,ARTH,F,107,154,69.48051948051948,58.26441328059451,11.216106199924965
1357,2010.0,ARTH,M,47,154,30.519480519480517,41.651684046506055,-11.132203527025538
1358,2010.0,ARTS,F,191,273,69.96336996336996,58.26441328059451,11.698956682775446
1359,2010.0,ARTS,M,82,273,30.036630036630036,41.651684046506055,-11.615054009876019
1360,2010.0,ASTR,F,60,123,48.78048780487805,58.26441328059451,-9.483925475716461
1361,2010.0,ASTR,M,63,123,51.21951219512195,41.651684046506055,9.567828148615895
1362,2010.0,BBMB,F,78,136,57.35294117647059,58.26441328059451,-0.9114721041239235
1363,2010.0,BBMB,M,58,136,42.64705882352941,41.651684046506055,0.9953747770233576
1364,2010.0,BIOL,F,430,663,64.85671191553544,58.26441328059451,6.592298634940931
1365,2010.0,BIOL,M,233,663,35.14328808446455,41.651684046506055,-6.508395962041504
1366,2010.0,CHEM,F,360,613,58.727569331158236,58.26441328059451,0.46315605056372533
1367,2010.0,CHEM,M,253,613,41.272430668841764,41.651684046506055,-0.37925337766429124
1368,2010.0,CHIN,F,26,44,59.09090909090909,58.26441328059451,0.826495810314583
1369,2010.0,CHIN,M,18,44,40.909090909090914,41.651684046506055,-0.7425931374151418
1370,2010.0,CLAS,F,47,63,74.60317460317461,58.26441328059451,16.338761322580098
1371,2010.0,CLAS,M,16,63,25.396825396825395,41.651684046506055,-16.25485864968066
1372,2010.0,DANC,F,100,123,81.30081300813008,58.26441328059451,23.036399727535567
1373,2010.0,DANC,M,23,123,18.69918699186992,41.651684046506055,-22.952497054636137
1374,2010.0,ECON,F,105,262,40.0763358778626,58.26441328059451,-18.188077402731913
1375,2010.0,ECON,M,157,262,59.92366412213741,41.651684046506055,18.271980075631355
1376,2010.0,EDUC,F,55,72,76.38888888888889,58.26441328059451,18.124475608294375
1377,2010.0,EDUC,M,17,72,23.61111111111111,41.651684046506055,-18.040572935394945
1378,2010.0,ENGL,F,215,365,58.9041095890411,58.26441328059451,0.6396963084465881
1379,2010.0,ENGL,M,150,365,41.0958904109589,41.651684046506055,-0.555793635547154
1380,2010.0,ENVS,F,162,240,67.5,58.26441328059451,9.23558671940549
1381,2010.0,ENVS,M,78,240,32.5,41.651684046506055,-9.151684046506055
1382,2010.0,FREN,F,76,106,71.69811320754717,58.26441328059451,13.433699926952656
1383,2010.0,FREN,M,30,106,28.30188679245283,41.651684046506055,-13.349797254053225
1384,2010.0,GENS,F,249,421,59.14489311163895,58.26441328059451,0.8804798310444397
1385,2010.0,GENS,M,172,421,40.85510688836104,41.651684046506055,-0.7965771581450127
1386,2010.0,GEOL,F,177,312,56.730769230769226,58.26441328059451,-1.5336440498252841
1387,2010.0,GEOL,M,135,312,43.269230769230774,41.651684046506055,1.6175467227247182
1388,2010.0,GERM,F,30,46,65.21739130434783,58.26441328059451,6.952978023753317
1389,2010.0,GERM,M,16,46,34.78260869565217,41.651684046506055,-6.869075350853883
1390,2010.0,GNDS,F,13,24,54.166666666666664,58.26441328059451,-4.097746613927846
1391,2010.0,GNDS,M,11,24,45.83333333333333,41.651684046506055,4.181649286827273
1392,2010.0,HIST,F,134,263,50.950570342205324,58.26441328059451,-7.313842938389186
1393,2010.0,HIST,M,129,263,49.049429657794676,41.651684046506055,7.39774561128862
1394,2010.0,INTL,F,12,16,75.0,58.26441328059451,16.73558671940549
1395,2010.0,INTL,M,4,16,25.0,41.651684046506055,-16.651684046506055
1396,2010.0,JPNS,F,18,32,56.25,58.26441328059451,-2.0144132805945105
1397,2010.0,JPNS,M,14,32,43.75,41.651684046506055,2.0983159534939446
1398,2010.0,LAT,F,7,11,63.63636363636363,58.26441328059451,5.371950355769123
1399,2010.0,LAT,M,4,11,36.36363636363637,41.651684046506055,-5.2880476828696885
1400,2010.0,MATH,F,178,357,49.85994397759104,58.26441328059451,-8.404469303003474
1401,2010.0,MATH,M,178,357,49.85994397759104,41.651684046506055,8.208259931084982
1402,2010.0,MATH,U,1,357,0.2801120448179272,0.08390267289943665,0.19620937191849053
1403,2010.0,MUS,F,344,625,55.04,58.26441328059451,-3.2244132805945114
1404,2010.0,MUS,M,279,625,44.64,41.651684046506055,2.988315953493945
1405,2010.0,MUS,U,2,625,0.32,0.08390267289943665,0.23609732710056336
1406,2010.0,PHIL,F,79,178,44.38202247191011,58.26441328059451,-13.882390808684399
1407,2010.0,PHIL,M,99,178,55.61797752808989,41.651684046506055,13.966293481583833
1408,2010.0,PHYS,F,82,196,41.83673469387755,58.26441328059451,-16.427678586716958
1409,2010.0,PHYS,M,114,196,58.16326530612245,41.651684046506055,16.511581259616392
1410,2010.0,POL,F,162,307,52.76872964169381,58.26441328059451,-5.495683638900701
1411,2010.0,POL,M,144,307,46.90553745928339,41.651684046506055,5.253853412777332
1412,2010.0,POL,U,1,307,0.32573289902280134,0.08390267289943665,0.2418302261233647
1413,2010.0,PSYC,F,256,404,63.366336633663366,58.26441328059451,5.101923353068855
1414,2010.0,PSYC,M,148,404,36.633663366336634,41.651684046506055,-5.018020680169421
1415,2010.0,REL,F,79,160,49.375,58.26441328059451,-8.88941328059451
1416,2010.0,REL,M,81,160,50.625,41.651684046506055,8.973315953493945
1417,2010.0,RFS,F,74,180,41.11111111111111,58.26441328059451,-17.153302169483403
1418,2010.0,RFS,M,106,180,58.88888888888889,41.651684046506055,17.237204842382837
1419,2010.0,SOC,F,140,233,60.08583690987125,58.26441328059451,1.8214236292767367
1420,2010.0,SOC,M,91,233,39.05579399141631,41.651684046506055,-2.595890055089747
1421,2010.0,SOC,U,2,233,0.8583690987124464,0.08390267289943665,0.7744664258130097
1422,2010.0,SPAN,F,147,213,69.01408450704226,58.26441328059451,10.749671226447745
1423,2010.0,SPAN,M,66,213,30.985915492957744,41.651684046506055,-10.665768553548311
1424,2010.0,SSRA,F,447,769,58.12743823146944,58.26441328059451,-0.13697504912506986
1425,2010.0,SSRA,M,321,769,41.74252275682705,41.651684046506055,0.09083871032099466
1426,2010.0,SSRA,U,1,769,0.13003901170351106,0.08390267289943665,0.04613633880407442
1427,2010.0,THTR,F,104,184,56.52173913043478,58.26441328059451,-1.7426741501597292
1428,2010.0,THTR,M,80,184,43.47826086956522,41.651684046506055,1.8265768230591632
1429,2010.0,WLIT,F,11,21,52.38095238095239,58.26441328059451,-5.883460899642124
1430,2010.0,WLIT,M,10,21,47.61904761904761,41.651684046506055,5.967363572541558
1431,2010.5,ANTH,F,90,134,67.16417910447761,57.857638086434015,9.306541018043596
1432,2010.5,ANTH,M,44,134,32.83582089552239,42.07302981280333,-9.237208917280938
1433,2010.5,ARTH,F,89,131,67.93893129770993,57.857638086434015,10.081293211275913
1434,2010.5,ARTH,M,42,131,32.06106870229007,42.07302981280333,-10.011961110513255
1435,2010.5,ARTS,F,162,232,69.82758620689656,57.857638086434015,11.96994812046254
1436,2010.5,ARTS,M,70,232,30.17241379310345,42.07302981280333,-11.900616019699878
1437,2010.5,ASTR,F,93,188,49.46808510638298,57.857638086434015,-8.389552980051036
1438,2010.5,ASTR,M,95,188,50.53191489361703,42.07302981280333,8.458885080813701
1439,2010.5,BBMB,F,34,66,51.515151515151516,57.857638086434015,-6.3424865712825
1440,2010.5,BBMB,M,32,66,48.484848484848484,42.07302981280333,6.4118186720451575
1441,2010.5,BIOL,F,376,607,61.94398682042833,57.857638086434015,4.086348733994313
1442,2010.5,BIOL,M,231,607,38.056013179571664,42.07302981280333,-4.017016633231663
1443,2010.5,CHEM,F,383,715,53.56643356643357,57.857638086434015,-4.2912045200004485
1444,2010.5,CHEM,M,332,715,46.43356643356643,42.07302981280333,4.360536620763106
1445,2010.5,CHIN,F,32,47,68.08510638297872,57.857638086434015,10.227468296544707
1446,2010.5,CHIN,M,15,47,31.914893617021278,42.07302981280333,-10.158136195782049
1447,2010.5,CLAS,F,21,30,70.0,57.857638086434015,12.142361913565985
1448,2010.5,CLAS,M,9,30,30.0,42.07302981280333,-12.073029812803327
1449,2010.5,DANC,F,87,105,82.85714285714286,57.857638086434015,24.999504770708846
1450,2010.5,DANC,M,18,105,17.142857142857142,42.07302981280333,-24.930172669946185
1451,2010.5,ECON,F,136,303,44.884488448844884,57.857638086434015,-12.973149637589131
1452,2010.5,ECON,M,167,303,55.115511551155116,42.07302981280333,13.042481738351789
1453,2010.5,EDUC,F,46,55,83.63636363636363,57.857638086434015,25.77872554992961
1454,2010.5,EDUC,M,9,55,16.363636363636363,42.07302981280333,-25.709393449166964
1455,2010.5,ENGL,F,207,350,59.14285714285714,57.857638086434015,1.2852190564231236
1456,2010.5,ENGL,M,143,350,40.85714285714286,42.07302981280333,-1.2158869556604657
1457,2010.5,ENVS,F,111,180,61.66666666666667,57.857638086434015,3.8090285802326562
1458,2010.5,ENVS,M,69,180,38.333333333333336,42.07302981280333,-3.739696479469991
1459,2010.5,FLL,F,24,30,80.0,57.857638086434015,22.142361913565985
1460,2010.5,FLL,M,5,30,16.666666666666664,42.07302981280333,-25.406363146136663
1461,2010.5,FLL,U,1,30,3.3333333333333335,0.06933210076265311,3.2640012325706804
1462,2010.5,FREN,F,68,90,75.55555555555556,57.857638086434015,17.697917469121542
1463,2010.5,FREN,M,22,90,24.444444444444443,42.07302981280333,-17.628585368358884
1464,2010.5,GENS,F,266,461,57.70065075921909,57.857638086434015,-0.15698732721492803
1465,2010.5,GENS,M,195,461,42.299349240780906,42.07302981280333,0.22631942797757887
1466,2010.5,GEOL,F,226,385,58.7012987012987,57.857638086434015,0.8436606148646817
1467,2010.5,GEOL,M,159,385,41.2987012987013,42.07302981280333,-0.7743285141020237
1468,2010.5,GERM,F,41,65,63.07692307692307,57.857638086434015,5.219284990489058
1469,2010.5,GERM,M,24,65,36.92307692307693,42.07302981280333,-5.1499528897264
1470,2010.5,GNDS,F,27,31,87.09677419354838,57.857638086434015,29.23913610711437
1471,2010.5,GNDS,M,3,31,9.67741935483871,42.07302981280333,-32.395610457964615
1472,2010.5,GNDS,U,1,31,3.225806451612903,0.06933210076265311,3.15647435085025
1473,2010.5,GREK,F,13,22,59.09090909090909,57.857638086434015,1.2332710044750783
1474,2010.5,GREK,M,9,22,40.909090909090914,42.07302981280333,-1.1639389037124133
1475,2010.5,HIST,F,139,255,54.509803921568626,57.857638086434015,-3.3478341648653895
1476,2010.5,HIST,M,116,255,45.490196078431374,42.07302981280333,3.4171662656280475
1477,2010.5,IDSC,F,36,57,63.1578947368421,57.857638086434015,5.3002566504080875
1478,2010.5,IDSC,M,21,57,36.84210526315789,42.07302981280333,-5.230924549645437
1479,2010.5,INTL,F,33,43,76.74418604651163,57.857638086434015,18.886547960077614
1480,2010.5,INTL,M,10,43,23.25581395348837,42.07302981280333,-18.817215859314956
1481,2010.5,JPNS,F,30,56,53.57142857142857,57.857638086434015,-4.286209515005446
1482,2010.5,JPNS,M,26,56,46.42857142857143,42.07302981280333,4.355541615768104
1483,2010.5,LIBR,F,13,15,86.66666666666667,57.857638086434015,28.809028580232656
1484,2010.5,LIBR,M,2,15,13.333333333333334,42.07302981280333,-28.73969647946999
1485,2010.5,LING,F,19,38,50.0,57.857638086434015,-7.857638086434015
1486,2010.5,LING,M,19,38,50.0,42.07302981280333,7.926970187196673
1487,2010.5,MATH,F,164,374,43.85026737967914,57.857638086434015,-14.007370706754877
1488,2010.5,MATH,M,210,374,56.14973262032086,42.07302981280333,14.076702807517535
1489,2010.5,MUS,F,337,684,49.26900584795322,57.857638086434015,-8.588632238480798
1490,2010.5,MUS,M,345,684,50.43859649122807,42.07302981280333,8.365566678424742
1491,2010.5,MUS,U,2,684,0.29239766081871343,0.06933210076265311,0.22306556005606032
1492,2010.5,PHIL,F,91,208,43.75,57.857638086434015,-14.107638086434015
1493,2010.5,PHIL,M,117,208,56.25,42.07302981280333,14.176970187196673
1494,2010.5,PHYS,F,118,330,35.75757575757576,57.857638086434015,-22.100062328858257
1495,2010.5,PHYS,M,212,330,64.24242424242425,42.07302981280333,22.169394429620922
1496,2010.5,POL,F,154,269,57.249070631970255,57.857638086434015,-0.6085674544637598
1497,2010.5,POL,M,115,269,42.75092936802974,42.07302981280333,0.6778995552264107
1498,2010.5,PSYC,F,290,412,70.3883495145631,57.857638086434015,12.530711428129088
1499,2010.5,PSYC,M,122,412,29.61165048543689,42.07302981280333,-12.461379327366437
1500,2010.5,REL,F,63,100,63.0,57.857638086434015,5.142361913565985
1501,2010.5,REL,M,37,100,37.0,42.07302981280333,-5.073029812803327
1502,2010.5,RFS,F,60,162,37.03703703703704,57.857638086434015,-20.820601049396977
1503,2010.5,RFS,M,102,162,62.96296296296296,42.07302981280333,20.889933150159635
1504,2010.5,SOC,F,205,286,71.67832167832168,57.857638086434015,13.820683591887665
1505,2010.5,SOC,M,80,286,27.972027972027973,42.07302981280333,-14.101001840775353
1506,2010.5,SOC,U,1,286,0.34965034965034963,0.06933210076265311,0.2803182488876965
1507,2010.5,SPAN,F,169,220,76.81818181818181,57.857638086434015,18.960543731747798
1508,2010.5,SPAN,M,51,220,23.18181818181818,42.07302981280333,-18.891211630985147
1509,2010.5,SSRA,F,393,636,61.79245283018868,57.857638086434015,3.9348147437546643
1510,2010.5,SSRA,M,242,636,38.05031446540881,42.07302981280333,-4.0227153473945165
1511,2010.5,SSRA,U,1,636,0.15723270440251574,0.06933210076265311,0.08790060363986263
1512,2010.5,THTR,F,119,221,53.84615384615385,57.857638086434015,-4.0114842402801685
1513,2010.5,THTR,M,102,221,46.15384615384615,42.07302981280333,4.080816341042826
1514,2010.5,WLIT,F,27,42,64.28571428571429,57.857638086434015,6.428076199280277
1515,2010.5,WLIT,M,15,42,35.714285714285715,42.07302981280333,-6.358744098517612
1516,2011.0,ANTH,F,81,95,85.26315789473684,57.2009083303454,28.062249564391436
1517,2011.0,ANTH,M,14,95,14.736842105263156,42.71542966415681,-27.97858755889365
1518,2011.0,ARTH,F,112,185,60.54054054054055,57.2009083303454,3.3396322101951483
1519,2011.0,ARTH,M,73,185,39.45945945945946,42.71542966415681,-3.2559702046973484
1520,2011.0,ARTS,F,164,245,66.93877551020408,57.2009083303454,9.737867179858682
1521,2011.0,ARTS,M,81,245,33.06122448979592,42.71542966415681,-9.65420517436089
1522,2011.0,ASNS,F,19,32,59.375,57.2009083303454,2.174091669654601
1523,2011.0,ASNS,M,13,32,40.625,42.71542966415681,-2.090429664156808
1524,2011.0,ASTR,F,72,153,47.05882352941176,57.2009083303454,-10.142084800933638
1525,2011.0,ASTR,M,81,153,52.94117647058824,42.71542966415681,10.225746806431431
1526,2011.0,BBMB,F,85,153,55.55555555555556,57.2009083303454,-1.645352774789842
1527,2011.0,BBMB,M,68,153,44.44444444444444,42.71542966415681,1.7290147802876348
1528,2011.0,BIOL,F,459,716,64.10614525139665,57.2009083303454,6.905236921051255
1529,2011.0,BIOL,M,257,716,35.89385474860335,42.71542966415681,-6.821574915553455
1530,2011.0,CHEM,F,343,651,52.68817204301075,57.2009083303454,-4.512736287334647
1531,2011.0,CHEM,M,308,651,47.31182795698925,42.71542966415681,4.59639829283244
1532,2011.0,CHIN,F,26,37,70.27027027027027,57.2009083303454,13.069361939924875
1533,2011.0,CHIN,M,11,37,29.72972972972973,42.71542966415681,-12.985699934427078
1534,2011.0,CLAS,F,16,22,72.72727272727273,57.2009083303454,15.526364396927335
1535,2011.0,CLAS,M,6,22,27.27272727272727,42.71542966415681,-15.442702391429538
1536,2011.0,DANC,F,117,138,84.78260869565217,57.2009083303454,27.581700365306773
1537,2011.0,DANC,M,21,138,15.217391304347828,42.71542966415681,-27.49803835980898
1538,2011.0,ECON,F,85,209,40.66985645933015,57.2009083303454,-16.53105187101525
1539,2011.0,ECON,M,124,209,59.33014354066985,42.71542966415681,16.614713876513044
1540,2011.0,EDUC,F,31,40,77.5,57.2009083303454,20.2990916696546
1541,2011.0,EDUC,M,9,40,22.5,42.71542966415681,-20.215429664156808
1542,2011.0,ENGL,F,222,368,60.32608695652174,57.2009083303454,3.125178626176343
1543,2011.0,ENGL,M,146,368,39.67391304347826,42.71542966415681,-3.04151662067855
1544,2011.0,ENVS,F,148,205,72.1951219512195,57.2009083303454,14.994213620874106
1545,2011.0,ENVS,M,57,205,27.80487804878049,42.71542966415681,-14.910551615376317
1546,2011.0,FLL,F,15,18,83.33333333333334,57.2009083303454,26.132425002987944
1547,2011.0,FLL,M,2,18,11.11111111111111,42.71542966415681,-31.604318553045697
1548,2011.0,FLL,U,1,18,5.555555555555555,0.08366200549778893,5.471893550057766
1549,2011.0,FREN,F,73,90,81.11111111111111,57.2009083303454,23.910202780765715
1550,2011.0,FREN,M,17,90,18.88888888888889,42.71542966415681,-23.82654077526792
1551,2011.0,GENS,F,266,462,57.57575757575758,57.2009083303454,0.3748492454121788
1552,2011.0,GENS,M,196,462,42.42424242424242,42.71542966415681,-0.291187239914386
1553,2011.0,GEOL,F,224,375,59.73333333333334,57.2009083303454,2.5324250029879423
1554,2011.0,GEOL,M,151,375,40.266666666666666,42.71542966415681,-2.4487629974901424
1555,2011.0,GERM,F,24,37,64.86486486486487,57.2009083303454,7.663956534519471
1556,2011.0,GERM,M,13,37,35.13513513513514,42.71542966415681,-7.580294529021671
1557,2011.0,GNDS,F,21,31,67.74193548387096,57.2009083303454,10.541027153525562
1558,2011.0,GNDS,M,9,31,29.03225806451613,42.71542966415681,-13.683171599640676
1559,2011.0,GNDS,U,1,31,3.225806451612903,0.08366200549778893,3.1421444461151142
1560,2011.0,GREK,F,12,16,75.0,57.2009083303454,17.7990916696546
1561,2011.0,GREK,M,4,16,25.0,42.71542966415681,-17.715429664156808
1562,2011.0,HIST,F,129,264,48.86363636363637,57.2009083303454,-8.337271966709032
1563,2011.0,HIST,M,135,264,51.13636363636363,42.71542966415681,8.420933972206825
1564,2011.0,INTL,F,14,16,87.5,57.2009083303454,30.2990916696546
1565,2011.0,INTL,M,2,16,12.5,42.71542966415681,-30.215429664156808
1566,2011.0,JPNS,F,26,45,57.77777777777777,57.2009083303454,0.5768694474323723
1567,2011.0,JPNS,M,19,45,42.22222222222222,42.71542966415681,-0.49320744193458665
1568,2011.0,LIBR,F,10,15,66.66666666666666,57.2009083303454,9.465758336321258
1569,2011.0,LIBR,M,5,15,33.33333333333333,42.71542966415681,-9.38209633082348
1570,2011.0,LING,F,13,23,56.52173913043478,57.2009083303454,-0.6791691999106177
1571,2011.0,LING,M,10,23,43.47826086956522,42.71542966415681,0.7628312054084105
1572,2011.0,MATH,F,114,292,39.04109589041096,57.2009083303454,-18.15981243993444
1573,2011.0,MATH,M,178,292,60.95890410958904,42.71542966415681,18.243474445432234
1574,2011.0,MUS,F,324,662,48.94259818731118,57.2009083303454,-8.258310143034223
1575,2011.0,MUS,M,335,662,50.60422960725075,42.71542966415681,7.888799943093943
1576,2011.0,MUS,U,3,662,0.4531722054380665,0.08366200549778893,0.36951019994027756
1577,2011.0,PHIL,F,80,194,41.23711340206185,57.2009083303454,-15.963794928283548
1578,2011.0,PHIL,M,114,194,58.76288659793815,42.71542966415681,16.04745693378134
1579,2011.0,PHYS,F,81,251,32.27091633466135,57.2009083303454,-24.92999199568405
1580,2011.0,PHYS,M,170,251,67.72908366533864,42.71542966415681,25.013654001181827
1581,2011.0,POL,F,140,261,53.63984674329502,57.2009083303454,-3.561061587050382
1582,2011.0,POL,M,121,261,46.36015325670498,42.71542966415681,3.644723592548175
1583,2011.0,PSYC,F,223,343,65.01457725947522,57.2009083303454,7.813668929129818
1584,2011.0,PSYC,M,120,343,34.98542274052478,42.71542966415681,-7.7300069236320255
1585,2011.0,REL,F,76,135,56.2962962962963,57.2009083303454,-0.9046120340491015
1586,2011.0,REL,M,58,135,42.96296296296296,42.71542966415681,0.24753329880615382
1587,2011.0,REL,U,1,135,0.7407407407407408,0.08366200549778893,0.6570787352429519
1588,2011.0,RFS,F,32,100,32.0,57.2009083303454,-25.2009083303454
1589,2011.0,RFS,M,68,100,68.0,42.71542966415681,25.284570335843192
1590,2011.0,SOC,F,190,279,68.10035842293907,57.2009083303454,10.899450092593668
1591,2011.0,SOC,M,89,279,31.899641577060933,42.71542966415681,-10.815788087095875
1592,2011.0,SPAN,F,138,170,81.17647058823529,57.2009083303454,23.97556225788989
1593,2011.0,SPAN,M,32,170,18.823529411764707,42.71542966415681,-23.8919002523921
1594,2011.0,SSRA,F,448,798,56.14035087719298,57.2009083303454,-1.0605574531524198
1595,2011.0,SSRA,M,349,798,43.734335839599,42.71542966415681,1.01890617544219
1596,2011.0,SSRA,U,1,798,0.12531328320802004,0.08366200549778893,0.04165127771023111
1597,2011.0,THTR,F,107,192,55.729166666666664,57.2009083303454,-1.4717416636787348
1598,2011.0,THTR,M,85,192,44.27083333333333,42.71542966415681,1.5554036691765205
1599,2011.0,WLIT,F,19,39,48.717948717948715,57.2009083303454,-8.482959612396684
1600,2011.0,WLIT,M,20,39,51.28205128205128,42.71542966415681,8.56662161789447
1601,2011.5,ANTH,F,124,159,77.9874213836478,58.31140350877193,19.676017874875868
1602,2011.5,ANTH,M,35,159,22.0125786163522,41.68859649122807,-19.676017874875868
1603,2011.5,ARTH,F,88,129,68.21705426356588,58.31140350877193,9.905650754793953
1604,2011.5,ARTH,M,41,129,31.782945736434108,41.68859649122807,-9.90565075479396
1605,2011.5,ARTS,F,171,246,69.51219512195121,58.31140350877193,11.200791613179277
1606,2011.5,ARTS,M,75,246,30.48780487804878,41.68859649122807,-11.200791613179288
1607,2011.5,ASTR,F,81,166,48.795180722891565,58.31140350877193,-9.516222785880366
1608,2011.5,ASTR,M,85,166,51.204819277108435,41.68859649122807,9.516222785880366
1609,2011.5,BBMB,F,53,75,70.66666666666667,58.31140350877193,12.35526315789474
1610,2011.5,BBMB,M,22,75,29.333333333333332,41.68859649122807,-12.355263157894736
1611,2011.5,BIOL,F,450,709,63.469675599435824,58.31140350877193,5.158272090663893
1612,2011.5,BIOL,M,259,709,36.530324400564176,41.68859649122807,-5.158272090663893
1613,2011.5,CHEM,F,392,711,55.13361462728551,58.31140350877193,-3.1777888814864212
1614,2011.5,CHEM,M,319,711,44.86638537271448,41.68859649122807,3.177788881486414
1615,2011.5,CHIN,F,34,51,66.66666666666666,58.31140350877193,8.355263157894726
1616,2011.5,CHIN,M,17,51,33.33333333333333,41.68859649122807,-8.35526315789474
1617,2011.5,CLAS,F,62,87,71.26436781609196,58.31140350877193,12.95296430732003
1618,2011.5,CLAS,M,25,87,28.735632183908045,41.68859649122807,-12.952964307320023
1619,2011.5,DANC,F,74,96,77.08333333333334,58.31140350877193,18.77192982456141
1620,2011.5,DANC,M,22,96,22.916666666666664,41.68859649122807,-18.771929824561404
1621,2011.5,ECON,F,109,302,36.092715231788084,58.31140350877193,-22.218688276983848
1622,2011.5,ECON,M,193,302,63.90728476821192,41.68859649122807,22.218688276983855
1623,2011.5,ENGL,F,196,347,56.48414985590778,58.31140350877193,-1.827253652864151
1624,2011.5,ENGL,M,151,347,43.51585014409222,41.68859649122807,1.827253652864151
1625,2011.5,ENVS,F,163,232,70.25862068965517,58.31140350877193,11.947217180883243
1626,2011.5,ENVS,M,69,232,29.74137931034483,41.68859649122807,-11.94721718088324
1627,2011.5,FREN,F,79,105,75.23809523809524,58.31140350877193,16.92669172932331
1628,2011.5,FREN,M,26,105,24.761904761904763,41.68859649122807,-16.926691729323306
1629,2011.5,GENS,F,253,433,58.429561200923786,58.31140350877193,0.11815769215185412
1630,2011.5,GENS,M,180,433,41.570438799076214,41.68859649122807,-0.11815769215185412
1631,2011.5,GEOL,F,232,390,59.48717948717949,58.31140350877193,1.1757759784075574
1632,2011.5,GEOL,M,158,390,40.51282051282051,41.68859649122807,-1.1757759784075574
1633,2011.5,GERM,F,24,49,48.97959183673469,58.31140350877193,-9.33181167203724
1634,2011.5,GERM,M,25,49,51.02040816326531,41.68859649122807,9.33181167203724
1635,2011.5,GNDS,F,32,59,54.23728813559322,58.31140350877193,-4.074115373178714
1636,2011.5,GNDS,M,27,59,45.76271186440678,41.68859649122807,4.074115373178714
1637,2011.5,GREK,F,12,15,80.0,58.31140350877193,21.68859649122807
1638,2011.5,GREK,M,3,15,20.0,41.68859649122807,-21.68859649122807
1639,2011.5,HIST,F,143,264,54.166666666666664,58.31140350877193,-4.144736842105267
1640,2011.5,HIST,M,121,264,45.83333333333333,41.68859649122807,4.14473684210526
1641,2011.5,IDSC,F,118,189,62.43386243386243,58.31140350877193,4.122458925090498
1642,2011.5,IDSC,M,71,189,37.56613756613756,41.68859649122807,-4.1224589250905055
1643,2011.5,JPNS,F,32,51,62.745098039215684,58.31140350877193,4.433694530443752
1644,2011.5,JPNS,M,19,51,37.254901960784316,41.68859649122807,-4.433694530443752
1645,2011.5,LAT,F,12,17,70.58823529411765,58.31140350877193,12.27683178534572
1646,2011.5,LAT,M,5,17,29.411764705882355,41.68859649122807,-12.276831785345713
1647,2011.5,LIBR,F,16,26,61.53846153846154,58.31140350877193,3.2270580296896085
1648,2011.5,LIBR,M,10,26,38.46153846153847,41.68859649122807,-3.2270580296896014
1649,2011.5,LING,F,15,28,53.57142857142857,58.31140350877193,-4.739974937343362
1650,2011.5,LING,M,13,28,46.42857142857143,41.68859649122807,4.739974937343362
1651,2011.5,MATH,F,201,446,45.06726457399103,58.31140350877193,-13.2441389347809
1652,2011.5,MATH,M,245,446,54.932735426008975,41.68859649122807,13.244138934780906
1653,2011.5,MUS,F,362,679,53.31369661266569,58.31140350877193,-4.997706896106244
1654,2011.5,MUS,M,317,679,46.68630338733431,41.68859649122807,4.997706896106244
1655,2011.5,PHIL,F,97,248,39.11290322580645,58.31140350877193,-19.198500282965483
1656,2011.5,PHIL,M,151,248,60.88709677419355,41.68859649122807,19.198500282965483
1657,2011.5,PHYS,F,129,325,39.69230769230769,58.31140350877193,-18.619095816464238
1658,2011.5,PHYS,M,196,325,60.30769230769231,41.68859649122807,18.619095816464238
1659,2011.5,POL,F,173,284,60.91549295774647,58.31140350877193,2.604089448974541
1660,2011.5,POL,M,111,284,39.08450704225352,41.68859649122807,-2.6040894489745483
1661,2011.5,PSYC,F,251,377,66.57824933687002,58.31140350877193,8.266845828098084
1662,2011.5,PSYC,M,126,377,33.42175066312997,41.68859649122807,-8.266845828098099
1663,2011.5,REL,F,66,134,49.25373134328358,58.31140350877193,-9.057672165488349
1664,2011.5,REL,M,68,134,50.74626865671642,41.68859649122807,9.057672165488349
1665,2011.5,RMS,F,71,182,39.010989010989015,58.31140350877193,-19.300414497782917
1666,2011.5,RMS,M,111,182,60.98901098901099,41.68859649122807,19.300414497782924
1667,2011.5,SCI,F,15,16,93.75,58.31140350877193,35.43859649122807
1668,2011.5,SCI,M,1,16,6.25,41.68859649122807,-35.43859649122807
1669,2011.5,SOC,F,235,311,75.56270096463022,58.31140350877193,17.251297455858293
1670,2011.5,SOC,M,76,311,24.437299035369776,41.68859649122807,-17.251297455858293
1671,2011.5,SPAN,F,156,208,75.0,58.31140350877193,16.68859649122807
1672,2011.5,SPAN,M,52,208,25.0,41.68859649122807,-16.68859649122807
1673,2011.5,SSRA,F,441,704,62.64204545454546,58.31140350877193,4.330641945773529
1674,2011.5,SSRA,M,263,704,37.35795454545455,41.68859649122807,-4.330641945773522
1675,2011.5,THTR,F,117,215,54.418604651162795,58.31140350877193,-3.8927988576091366
1676,2011.5,THTR,M,98,215,45.58139534883721,41.68859649122807,3.8927988576091437
1677,2011.5,WLIT,F,31,41,75.60975609756098,58.31140350877193,17.298352588789044
1678,2011.5,WLIT,M,10,41,24.390243902439025,41.68859649122807,-17.298352588789044
1679,2012.0,ANTH,F,92,132,69.6969696969697,57.00618364251546,12.690786054454243
1680,2012.0,ANTH,M,40,132,30.303030303030305,42.99381635748454,-12.690786054454236
1681,2012.0,ARTH,F,101,154,65.5844155844156,57.00618364251546,8.578231941900135
1682,2012.0,ARTH,M,53,154,34.41558441558442,42.99381635748454,-8.578231941900121
1683,2012.0,ARTS,F,149,207,71.98067632850241,57.00618364251546,14.974492685986952
1684,2012.0,ARTS,M,58,207,28.019323671497588,42.99381635748454,-14.974492685986952
1685,2012.0,ASNS,F,14,26,53.84615384615385,57.00618364251546,-3.160029796361613
1686,2012.0,ASNS,M,12,26,46.15384615384615,42.99381635748454,3.160029796361613
1687,2012.0,ASTR,F,98,197,49.746192893401016,57.00618364251546,-7.2599907491144435
1688,2012.0,ASTR,M,99,197,50.25380710659898,42.99381635748454,7.259990749114436
1689,2012.0,BBMB,F,73,167,43.712574850299404,57.00618364251546,-13.293608792216055
1690,2012.0,BBMB,M,94,167,56.287425149700596,42.99381635748454,13.293608792216055
1691,2012.0,BIOL,F,363,580,62.58620689655172,57.00618364251546,5.580023254036263
1692,2012.0,BIOL,M,217,580,37.41379310344828,42.99381635748454,-5.580023254036263
1693,2012.0,CHEM,F,345,621,55.55555555555556,57.00618364251546,-1.4506280869599024
1694,2012.0,CHEM,M,276,621,44.44444444444444,42.99381635748454,1.4506280869599024
1695,2012.0,CHIN,F,30,41,73.17073170731707,57.00618364251546,16.164548064801615
1696,2012.0,CHIN,M,11,41,26.82926829268293,42.99381635748454,-16.16454806480161
1697,2012.0,CLAS,F,40,60,66.66666666666666,57.00618364251546,9.660483024151198
1698,2012.0,CLAS,M,20,60,33.33333333333333,42.99381635748454,-9.660483024151212
1699,2012.0,DANC,F,109,131,83.20610687022901,57.00618364251546,26.199923227713548
1700,2012.0,DANC,M,22,131,16.793893129770993,42.99381635748454,-26.199923227713548
1701,2012.0,ECON,F,98,269,36.43122676579926,57.00618364251546,-20.5749568767162
1702,2012.0,ECON,M,171,269,63.56877323420075,42.99381635748454,20.574956876716207
1703,2012.0,ENGL,F,189,325,58.15384615384615,57.00618364251546,1.1476625113306937
1704,2012.0,ENGL,M,136,325,41.84615384615385,42.99381635748454,-1.1476625113306937
1705,2012.0,ENVS,F,225,326,69.01840490797547,57.00618364251546,12.012221265460006
1706,2012.0,ENVS,M,101,326,30.981595092024538,42.99381635748454,-12.012221265460003
1707,2012.0,FREN,F,73,94,77.6595744680851,57.00618364251546,20.653390825569637
1708,2012.0,FREN,M,21,94,22.340425531914892,42.99381635748454,-20.653390825569648
1709,2012.0,GENS,F,247,425,58.11764705882353,57.00618364251546,1.1114634163080694
1710,2012.0,GENS,M,178,425,41.88235294117647,42.99381635748454,-1.1114634163080694
1711,2012.0,GEOL,F,240,426,56.33802816901409,57.00618364251546,-0.6681554735013719
1712,2012.0,GEOL,M,186,426,43.66197183098591,42.99381635748454,0.6681554735013719
1713,2012.0,GERM,F,35,52,67.3076923076923,57.00618364251546,10.301508665176847
1714,2012.0,GERM,M,17,52,32.69230769230769,42.99381635748454,-10.301508665176847
1715,2012.0,GNDS,F,16,24,66.66666666666666,57.00618364251546,9.660483024151198
1716,2012.0,GNDS,M,8,24,33.33333333333333,42.99381635748454,-9.660483024151212
1717,2012.0,HIST,F,135,279,48.38709677419355,57.00618364251546,-8.619086868321908
1718,2012.0,HIST,M,144,279,51.61290322580645,42.99381635748454,8.619086868321908
1719,2012.0,JPNS,F,26,40,65.0,57.00618364251546,7.9938163574845404
1720,2012.0,JPNS,M,14,40,35.0,42.99381635748454,-7.9938163574845404
1721,2012.0,LIBR,F,11,12,91.66666666666666,57.00618364251546,34.6604830241512
1722,2012.0,LIBR,M,1,12,8.333333333333332,42.99381635748454,-34.660483024151205
1723,2012.0,MATH,F,142,366,38.79781420765027,57.00618364251546,-18.20836943486519
1724,2012.0,MATH,M,224,366,61.20218579234973,42.99381635748454,18.20836943486519
1725,2012.0,MUS,F,328,623,52.64847512038523,57.00618364251546,-4.357708522130231
1726,2012.0,MUS,M,295,623,47.351524879614765,42.99381635748454,4.357708522130224
1727,2012.0,PHIL,F,103,241,42.738589211618255,57.00618364251546,-14.267594430897205
1728,2012.0,PHIL,M,138,241,57.26141078838174,42.99381635748454,14.267594430897198
1729,2012.0,PHYS,F,94,284,33.098591549295776,57.00618364251546,-23.907592093219684
1730,2012.0,PHYS,M,190,284,66.90140845070422,42.99381635748454,23.907592093219684
1731,2012.0,POL,F,168,287,58.536585365853654,57.00618364251546,1.5304017233381941
1732,2012.0,POL,M,119,287,41.46341463414634,42.99381635748454,-1.5304017233382012
1733,2012.0,PSYC,F,271,393,68.95674300254453,57.00618364251546,11.950559360029068
1734,2012.0,PSYC,M,122,393,31.043256997455472,42.99381635748454,-11.950559360029068
1735,2012.0,RAES,F,8,11,72.72727272727273,57.00618364251546,15.721089084757274
1736,2012.0,RAES,M,3,11,27.27272727272727,42.99381635748454,-15.72108908475727
1737,2012.0,REL,F,57,126,45.23809523809524,57.00618364251546,-11.768088404420219
1738,2012.0,REL,M,69,126,54.761904761904766,42.99381635748454,11.768088404420226
1739,2012.0,RMS,F,50,120,41.66666666666667,57.00618364251546,-15.339516975848788
1740,2012.0,RMS,M,70,120,58.333333333333336,42.99381635748454,15.339516975848795
1741,2012.0,SCI,F,9,15,60.0,57.00618364251546,2.9938163574845404
1742,2012.0,SCI,M,6,15,40.0,42.99381635748454,-2.9938163574845404
1743,2012.0,SOC,F,216,282,76.59574468085107,57.00618364251546,19.58956103833561
1744,2012.0,SOC,M,66,282,23.404255319148938,42.99381635748454,-19.589561038335603
1745,2012.0,SPAN,F,134,171,78.3625730994152,57.00618364251546,21.35638945689974
1746,2012.0,SPAN,M,37,171,21.637426900584796,42.99381635748454,-21.356389456899745
1747,2012.0,SSRA,F,481,850,56.58823529411765,57.00618364251546,-0.4179483483978075
1748,2012.0,SSRA,M,369,850,43.411764705882355,42.99381635748454,0.4179483483978146
1749,2012.0,THTR,F,92,176,52.27272727272727,57.00618364251546,-4.733456369788186
1750,2012.0,THTR,M,84,176,47.72727272727273,42.99381635748454,4.733456369788186
1751,2012.0,WLIT,F,19,27,70.37037037037037,57.00618364251546,13.364186727854907
1752,2012.0,WLIT,M,8,27,29.629629629629626,42.99381635748454,-13.364186727854914
1753,2012.5,ANTH,F,103,164,62.80487804878049,57.95114081585619,4.853737232924296
1754,2012.5,ANTH,M,61,164,37.19512195121951,42.048859184143815,-4.853737232924303
1755,2012.5,ARTH,F,75,108,69.44444444444444,57.95114081585619,11.49330362858825
1756,2012.5,ARTH,M,33,108,30.555555555555557,42.048859184143815,-11.493303628588258
1757,2012.5,ARTS,F,135,222,60.810810810810814,57.95114081585619,2.859669994954622
1758,2012.5,ARTS,M,87,222,39.189189189189186,42.048859184143815,-2.859669994954629
1759,2012.5,ASTR,F,96,167,57.48502994011976,57.95114081585619,-0.4661108757364332
1760,2012.5,ASTR,M,71,167,42.51497005988024,42.048859184143815,0.46611087573642607
1761,2012.5,BBMB,F,44,89,49.43820224719101,57.95114081585619,-8.512938568665184
1762,2012.5,BBMB,M,45,89,50.56179775280899,42.048859184143815,8.512938568665177
1763,2012.5,BIOL,F,494,697,70.8751793400287,57.95114081585619,12.924038524172502
1764,2012.5,BIOL,M,203,697,29.124820659971306,42.048859184143815,-12.92403852417251
1765,2012.5,CHEM,F,383,703,54.480796586059746,57.95114081585619,-3.4703442297964457
1766,2012.5,CHEM,M,320,703,45.519203413940254,42.048859184143815,3.4703442297964386
1767,2012.5,CHIN,F,34,57,59.64912280701754,57.95114081585619,1.697981991161349
1768,2012.5,CHIN,M,23,57,40.35087719298245,42.048859184143815,-1.6979819911613632
1769,2012.5,CLAS,F,18,25,72.0,57.95114081585619,14.048859184143808
1770,2012.5,CLAS,M,7,25,28.000000000000004,42.048859184143815,-14.048859184143812
1771,2012.5,DANC,F,60,73,82.1917808219178,57.95114081585619,24.24064000606161
1772,2012.5,DANC,M,13,73,17.80821917808219,42.048859184143815,-24.240640006061625
1773,2012.5,ECON,F,115,296,38.85135135135135,57.95114081585619,-19.099789464504845
1774,2012.5,ECON,M,181,296,61.14864864864865,42.048859184143815,19.099789464504838
1775,2012.5,ENGL,F,174,311,55.948553054662376,57.95114081585619,-2.0025877611938157
1776,2012.5,ENGL,M,137,311,44.05144694533762,42.048859184143815,2.0025877611938014
1777,2012.5,ENVS,F,222,325,68.3076923076923,57.95114081585619,10.356551491836115
1778,2012.5,ENVS,M,103,325,31.692307692307693,42.048859184143815,-10.356551491836122
1779,2012.5,FMS,F,78,152,51.31578947368421,57.95114081585619,-6.63535134217198
1780,2012.5,FMS,M,74,152,48.68421052631579,42.048859184143815,6.6353513421719725
1781,2012.5,FREN,F,77,102,75.49019607843137,57.95114081585619,17.539055262575175
1782,2012.5,FREN,M,25,102,24.509803921568626,42.048859184143815,-17.53905526257519
1783,2012.5,GENS,F,247,427,57.84543325526932,57.95114081585619,-0.10570756058687181
1784,2012.5,GENS,M,180,427,42.15456674473068,42.048859184143815,0.1057075605868647
1785,2012.5,GEOL,F,207,393,52.67175572519084,57.95114081585619,-5.27938509066535
1786,2012.5,GEOL,M,186,393,47.32824427480916,42.048859184143815,5.279385090665343
1787,2012.5,GERM,F,24,43,55.81395348837209,57.95114081585619,-2.1371873274840993
1788,2012.5,GERM,M,19,43,44.18604651162791,42.048859184143815,2.1371873274840922
1789,2012.5,GNDS,F,22,27,81.48148148148148,57.95114081585619,23.53034066562529
1790,2012.5,GNDS,M,5,27,18.51851851851852,42.048859184143815,-23.530340665625296
1791,2012.5,GREK,F,7,11,63.63636363636363,57.95114081585619,5.685222820507441
1792,2012.5,GREK,M,4,11,36.36363636363637,42.048859184143815,-5.685222820507448
1793,2012.5,HIST,F,131,267,49.063670411985015,57.95114081585619,-8.887470403871177
1794,2012.5,HIST,M,136,267,50.936329588014985,42.048859184143815,8.88747040387117
1795,2012.5,IDSC,F,10,14,71.42857142857143,57.95114081585619,13.477430612715239
1796,2012.5,IDSC,M,4,14,28.57142857142857,42.048859184143815,-13.477430612715246
1797,2012.5,JPNS,F,35,60,58.333333333333336,57.95114081585619,0.38219251747714367
1798,2012.5,JPNS,M,25,60,41.66666666666667,42.048859184143815,-0.38219251747714367
1799,2012.5,LAT,F,14,20,70.0,57.95114081585619,12.048859184143808
1800,2012.5,LAT,M,6,20,30.0,42.048859184143815,-12.048859184143815
1801,2012.5,LIBR,F,13,28,46.42857142857143,57.95114081585619,-11.522569387284761
1802,2012.5,LIBR,M,15,28,53.57142857142857,42.048859184143815,11.522569387284754
1803,2012.5,MATH,F,213,465,45.806451612903224,57.95114081585619,-12.144689202952968
1804,2012.5,MATH,M,252,465,54.19354838709678,42.048859184143815,12.144689202952968
1805,2012.5,MUS,F,358,637,56.20094191522763,57.95114081585619,-1.7501989006285612
1806,2012.5,MUS,M,279,637,43.79905808477237,42.048859184143815,1.750198900628554
1807,2012.5,PHIL,F,60,143,41.95804195804196,57.95114081585619,-15.993098857814232
1808,2012.5,PHIL,M,83,143,58.04195804195804,42.048859184143815,15.993098857814225
1809,2012.5,PHYS,F,144,359,40.11142061281337,57.95114081585619,-17.839720203042823
1810,2012.5,PHYS,M,215,359,59.888579387186624,42.048859184143815,17.83972020304281
1811,2012.5,POL,F,140,249,56.22489959839358,57.95114081585619,-1.726241217462615
1812,2012.5,POL,M,109,249,43.77510040160642,42.048859184143815,1.7262412174626078
1813,2012.5,PSYC,F,277,395,70.12658227848101,57.95114081585619,12.175441462624818
1814,2012.5,PSYC,M,118,395,29.873417721518987,42.048859184143815,-12.175441462624828
1815,2012.5,REL,F,59,102,57.84313725490197,57.95114081585619,-0.10800356095422359
1816,2012.5,REL,M,43,102,42.15686274509804,42.048859184143815,0.10800356095422359
1817,2012.5,RHET,F,57,110,51.81818181818182,57.95114081585619,-6.132958997674372
1818,2012.5,RHET,M,53,110,48.18181818181818,42.048859184143815,6.132958997674365
1819,2012.5,SCI,F,11,18,61.111111111111114,57.95114081585619,3.1599702952549222
1820,2012.5,SCI,M,7,18,38.88888888888889,42.048859184143815,-3.1599702952549222
1821,2012.5,SOC,F,176,254,69.29133858267717,57.95114081585619,11.340197766820978
1822,2012.5,SOC,M,78,254,30.708661417322837,42.048859184143815,-11.340197766820978
1823,2012.5,SPAN,F,137,196,69.89795918367348,57.95114081585619,11.946818367817286
1824,2012.5,SPAN,M,59,196,30.102040816326532,42.048859184143815,-11.946818367817283
1825,2012.5,SSRA,F,423,708,59.7457627118644,57.95114081585619,1.7946218960082092
1826,2012.5,SSRA,M,285,708,40.25423728813559,42.048859184143815,-1.7946218960082234
1827,2012.5,THTR,F,127,218,58.256880733944946,57.95114081585619,0.30573991808875434
1828,2012.5,THTR,M,91,218,41.74311926605505,42.048859184143815,-0.30573991808876855
1829,2012.5,WLIT,F,20,29,68.96551724137932,57.95114081585619,11.014376425523125
1830,2012.5,WLIT,M,9,29,31.03448275862069,42.048859184143815,-11.014376425523125
1831,2013.0,ANTH,F,74,108,68.51851851851852,57.09363117870722,11.4248873398113
1832,2013.0,ANTH,M,34,108,31.48148148148148,42.90636882129277,-11.424887339811292
1833,2013.0,ARTH,F,88,150,58.666666666666664,57.09363117870722,1.5730354879594444
1834,2013.0,ARTH,M,62,150,41.333333333333336,42.90636882129277,-1.5730354879594373
1835,2013.0,ARTS,F,133,213,62.441314553990615,57.09363117870722,5.347683375283395
1836,2013.0,ARTS,M,80,213,37.558685446009385,42.90636882129277,-5.347683375283388
1837,2013.0,ASNS,F,12,20,60.0,57.09363117870722,2.90636882129278
1838,2013.0,ASNS,M,8,20,40.0,42.90636882129277,-2.906368821292773
1839,2013.0,ASTR,F,75,176,42.61363636363637,57.09363117870722,-14.479994815070853
1840,2013.0,ASTR,M,101,176,57.38636363636363,42.90636882129277,14.47999481507086
1841,2013.0,BBMB,F,72,169,42.60355029585799,57.09363117870722,-14.490080882849227
1842,2013.0,BBMB,M,97,169,57.396449704142015,42.90636882129277,14.490080882849242
1843,2013.0,BIOL,F,584,856,68.22429906542055,57.09363117870722,11.130667886713333
1844,2013.0,BIOL,M,272,856,31.775700934579437,42.90636882129277,-11.130667886713336
1845,2013.0,CHEM,F,344,618,55.663430420711975,57.09363117870722,-1.4302007579952445
1846,2013.0,CHEM,M,274,618,44.336569579288025,42.90636882129277,1.4302007579952516
1847,2013.0,CHIN,F,28,45,62.22222222222222,57.09363117870722,5.1285910435150015
1848,2013.0,CHIN,M,17,45,37.77777777777778,42.90636882129277,-5.128591043514994
1849,2013.0,CLAS,F,35,47,74.46808510638297,57.09363117870722,17.374453927675752
1850,2013.0,CLAS,M,12,47,25.53191489361702,42.90636882129277,-17.374453927675752
1851,2013.0,DANC,F,63,83,75.90361445783132,57.09363117870722,18.809983279124104
1852,2013.0,DANC,M,20,83,24.096385542168676,42.90636882129277,-18.809983279124097
1853,2013.0,ECON,F,113,297,38.04713804713805,57.09363117870722,-19.04649313156917
1854,2013.0,ECON,M,184,297,61.95286195286195,42.90636882129277,19.04649313156918
1855,2013.0,ENGL,F,159,287,55.400696864111495,57.09363117870722,-1.6929343145957247
1856,2013.0,ENGL,M,128,287,44.599303135888505,42.90636882129277,1.6929343145957318
1857,2013.0,ENVS,F,189,285,66.3157894736842,57.09363117870722,9.222158294976985
1858,2013.0,ENVS,M,96,285,33.68421052631579,42.90636882129277,-9.222158294976985
1859,2013.0,FMS,F,70,117,59.82905982905983,57.09363117870722,2.7354286503526097
1860,2013.0,FMS,M,47,117,40.17094017094017,42.90636882129277,-2.7354286503526026
1861,2013.0,FREN,F,67,88,76.13636363636364,57.09363117870722,19.04273245765642
1862,2013.0,FREN,M,21,88,23.863636363636363,42.90636882129277,-19.04273245765641
1863,2013.0,GENS,F,234,412,56.79611650485437,57.09363117870722,-0.29751467385285224
1864,2013.0,GENS,M,178,412,43.203883495145625,42.90636882129277,0.29751467385285224
1865,2013.0,GEOL,F,179,350,51.142857142857146,57.09363117870722,-5.950774035850074
1866,2013.0,GEOL,M,171,350,48.857142857142854,42.90636882129277,5.950774035850081
1867,2013.0,GERM,F,25,45,55.55555555555556,57.09363117870722,-1.5380756231516628
1868,2013.0,GERM,M,20,45,44.44444444444444,42.90636882129277,1.53807562315167
1869,2013.0,GNDS,F,29,38,76.31578947368422,57.09363117870722,19.222158294977
1870,2013.0,GNDS,M,9,38,23.684210526315788,42.90636882129277,-19.222158294976985
1871,2013.0,HIST,F,95,189,50.264550264550266,57.09363117870722,-6.829080914156954
1872,2013.0,HIST,M,94,189,49.735449735449734,42.90636882129277,6.829080914156961
1873,2013.0,IDSC,F,41,56,73.21428571428571,57.09363117870722,16.12065453557849
1874,2013.0,IDSC,M,15,56,26.785714285714285,42.90636882129277,-16.12065453557849
1875,2013.0,JPNS,F,31,44,70.45454545454545,57.09363117870722,13.360914275838233
1876,2013.0,JPNS,M,13,44,29.545454545454547,42.90636882129277,-13.360914275838226
1877,2013.0,MATH,F,167,386,43.26424870466321,57.09363117870722,-13.82938247404401
1878,2013.0,MATH,M,219,386,56.73575129533679,42.90636882129277,13.829382474044017
1879,2013.0,MUS,F,343,625,54.879999999999995,57.09363117870722,-2.2136311787072245
1880,2013.0,MUS,M,282,625,45.12,42.90636882129277,2.2136311787072245
1881,2013.0,PHIL,F,83,200,41.5,57.09363117870722,-15.59363117870722
1882,2013.0,PHIL,M,117,200,58.5,42.90636882129277,15.593631178707227
1883,2013.0,PHYS,F,96,279,34.40860215053764,57.09363117870722,-22.68502902816958
1884,2013.0,PHYS,M,183,279,65.59139784946237,42.90636882129277,22.685029028169595
1885,2013.0,POL,F,128,219,58.44748858447488,57.09363117870722,1.3538574057676627
1886,2013.0,POL,M,91,219,41.55251141552511,42.90636882129277,-1.3538574057676627
1887,2013.0,PSYC,F,270,380,71.05263157894737,57.09363117870722,13.95900040024015
1888,2013.0,PSYC,M,110,380,28.947368421052634,42.90636882129277,-13.95900040024014
1889,2013.0,REL,F,67,123,54.47154471544715,57.09363117870722,-2.622086463260068
1890,2013.0,REL,M,56,123,45.52845528455284,42.90636882129277,2.622086463260068
1891,2013.0,RHET,F,51,109,46.788990825688074,57.09363117870722,-10.304640353019145
1892,2013.0,RHET,M,58,109,53.21100917431193,42.90636882129277,10.30464035301916
1893,2013.0,SOC,F,168,248,67.74193548387096,57.09363117870722,10.648304305163741
1894,2013.0,SOC,M,80,248,32.25806451612903,42.90636882129277,-10.648304305163741
1895,2013.0,SPAN,F,97,132,73.48484848484848,57.09363117870722,16.391217306141264
1896,2013.0,SPAN,M,35,132,26.515151515151516,42.90636882129277,-16.391217306141257
1897,2013.0,SSRA,F,462,772,59.84455958549223,57.09363117870722,2.7509284067850075
1898,2013.0,SSRA,M,310,772,40.15544041450777,42.90636882129277,-2.7509284067850004
1899,2013.0,THTR,F,108,207,52.17391304347826,57.09363117870722,-4.919718135228962
1900,2013.0,THTR,M,99,207,47.82608695652174,42.90636882129277,4.919718135228969
1901,2013.0,WLIT,F,10,18,55.55555555555556,57.09363117870722,-1.5380756231516628
1902,2013.0,WLIT,M,8,18,44.44444444444444,42.90636882129277,1.53807562315167
1903,2013.5,ANTH,F,98,142,69.01408450704226,56.85232262537555,12.161761881666706
1904,2013.5,ANTH,M,44,142,30.985915492957744,43.14767737462445,-12.161761881666706
1905,2013.5,ARTH,F,73,104,70.1923076923077,56.85232262537555,13.339985066932144
1906,2013.5,ARTH,M,31,104,29.807692307692307,43.14767737462445,-13.339985066932144
1907,2013.5,ARTS,F,155,235,65.95744680851064,56.85232262537555,9.10512418313509
1908,2013.5,ARTS,M,80,235,34.04255319148936,43.14767737462445,-9.10512418313509
1909,2013.5,ASTR,F,96,182,52.74725274725275,56.85232262537555,-4.105069878122798
1910,2013.5,ASTR,M,86,182,47.25274725274725,43.14767737462445,4.105069878122798
1911,2013.5,BBMB,F,63,121,52.066115702479344,56.85232262537555,-4.786206922896206
1912,2013.5,BBMB,M,58,121,47.93388429752066,43.14767737462445,4.786206922896213
1913,2013.5,BIOL,F,458,664,68.97590361445783,56.85232262537555,12.123580989082285
1914,2013.5,BIOL,M,206,664,31.024096385542173,43.14767737462445,-12.123580989082278
1915,2013.5,CHEM,F,393,741,53.036437246963565,56.85232262537555,-3.815885378411984
1916,2013.5,CHEM,M,348,741,46.963562753036435,43.14767737462445,3.815885378411984
1917,2013.5,CHIN,F,25,47,53.191489361702125,56.85232262537555,-3.6608332636734247
1918,2013.5,CHIN,M,22,47,46.808510638297875,43.14767737462445,3.6608332636734247
1919,2013.5,CLAS,F,32,53,60.37735849056604,56.85232262537555,3.525035865190489
1920,2013.5,CLAS,M,21,53,39.62264150943396,43.14767737462445,-3.525035865190489
1921,2013.5,DANC,F,44,54,81.48148148148148,56.85232262537555,24.62915885610593
1922,2013.5,DANC,M,10,54,18.51851851851852,43.14767737462445,-24.62915885610593
1923,2013.5,ECON,F,93,296,31.41891891891892,56.85232262537555,-25.43340370645663
1924,2013.5,ECON,M,203,296,68.58108108108108,43.14767737462445,25.43340370645663
1925,2013.5,ENGL,F,170,293,58.02047781569966,56.85232262537555,1.1681551903241072
1926,2013.5,ENGL,M,123,293,41.979522184300336,43.14767737462445,-1.1681551903241143
1927,2013.5,ENVS,F,169,242,69.83471074380165,56.85232262537555,12.982388118426101
1928,2013.5,ENVS,M,73,242,30.165289256198346,43.14767737462445,-12.982388118426105
1929,2013.5,FMS,F,84,160,52.5,56.85232262537555,-4.35232262537555
1930,2013.5,FMS,M,76,160,47.5,43.14767737462445,4.35232262537555
1931,2013.5,FREN,F,75,96,78.125,56.85232262537555,21.27267737462445
1932,2013.5,FREN,M,21,96,21.875,43.14767737462445,-21.27267737462445
1933,2013.5,GENS,F,235,415,56.62650602409639,56.85232262537555,-0.22581660127915626
1934,2013.5,GENS,M,180,415,43.373493975903614,43.14767737462445,0.22581660127916336
1935,2013.5,GEOL,F,208,385,54.02597402597402,56.85232262537555,-2.826348599401527
1936,2013.5,GEOL,M,177,385,45.97402597402597,43.14767737462445,2.82634859940152
1937,2013.5,GERM,F,32,60,53.333333333333336,56.85232262537555,-3.518989292042214
1938,2013.5,GERM,M,28,60,46.666666666666664,43.14767737462445,3.518989292042214
1939,2013.5,GNDS,F,21,24,87.5,56.85232262537555,30.64767737462445
1940,2013.5,GNDS,M,3,24,12.5,43.14767737462445,-30.64767737462445
1941,2013.5,HIST,F,138,246,56.09756097560976,56.85232262537555,-0.7547616497657899
1942,2013.5,HIST,M,108,246,43.90243902439025,43.14767737462445,0.754761649765797
1943,2013.5,IDSC,F,61,91,67.03296703296702,56.85232262537555,10.180644407591473
1944,2013.5,IDSC,M,30,91,32.967032967032964,43.14767737462445,-10.180644407591487
1945,2013.5,JPNS,F,34,63,53.96825396825397,56.85232262537555,-2.8840686571215812
1946,2013.5,JPNS,M,29,63,46.03174603174603,43.14767737462445,2.8840686571215812
1947,2013.5,LAT,F,8,14,57.14285714285714,56.85232262537555,0.2905345174815892
1948,2013.5,LAT,M,6,14,42.857142857142854,43.14767737462445,-0.2905345174815963
1949,2013.5,LIBR,F,14,27,51.85185185185185,56.85232262537555,-5.000470773523702
1950,2013.5,LIBR,M,13,27,48.148148148148145,43.14767737462445,5.000470773523695
1951,2013.5,LING,F,16,33,48.484848484848484,56.85232262537555,-8.367474140527065
1952,2013.5,LING,M,17,33,51.515151515151516,43.14767737462445,8.367474140527065
1953,2013.5,MATH,F,183,412,44.417475728155345,56.85232262537555,-12.434846897220204
1954,2013.5,MATH,M,229,412,55.582524271844655,43.14767737462445,12.434846897220204
1955,2013.5,MUS,F,322,648,49.691358024691354,56.85232262537555,-7.160964600684196
1956,2013.5,MUS,M,326,648,50.308641975308646,43.14767737462445,7.160964600684196
1957,2013.5,PHIL,F,60,174,34.48275862068966,56.85232262537555,-22.36956400468589
1958,2013.5,PHIL,M,114,174,65.51724137931035,43.14767737462445,22.3695640046859
1959,2013.5,PHYS,F,127,351,36.182336182336186,56.85232262537555,-20.669986443039363
1960,2013.5,PHYS,M,224,351,63.817663817663814,43.14767737462445,20.669986443039363
1961,2013.5,POL,F,184,295,62.37288135593221,56.85232262537555,5.520558730556658
1962,2013.5,POL,M,111,295,37.6271186440678,43.14767737462445,-5.520558730556651
1963,2013.5,PSYC,F,250,371,67.38544474393531,56.85232262537555,10.53312211855976
1964,2013.5,PSYC,M,121,371,32.61455525606469,43.14767737462445,-10.53312211855976
1965,2013.5,RAES,F,21,28,75.0,56.85232262537555,18.14767737462445
1966,2013.5,RAES,M,7,28,25.0,43.14767737462445,-18.14767737462445
1967,2013.5,REL,F,57,94,60.63829787234043,56.85232262537555,3.785975246964881
1968,2013.5,REL,M,37,94,39.361702127659576,43.14767737462445,-3.785975246964874
1969,2013.5,RHET,F,48,112,42.857142857142854,56.85232262537555,-13.995179768232695
1970,2013.5,RHET,M,64,112,57.14285714285714,43.14767737462445,13.995179768232688
1971,2013.5,SCI,F,4,14,28.57142857142857,56.85232262537555,-28.28089405394698
1972,2013.5,SCI,M,10,14,71.42857142857143,43.14767737462445,28.28089405394698
1973,2013.5,SOC,F,221,284,77.8169014084507,56.85232262537555,20.964578783075154
1974,2013.5,SOC,M,63,284,22.183098591549296,43.14767737462445,-20.964578783075154
1975,2013.5,SPAN,F,111,154,72.07792207792207,56.85232262537555,15.225599452546518
1976,2013.5,SPAN,M,43,154,27.92207792207792,43.14767737462445,-15.225599452546529
1977,2013.5,SSRA,F,423,707,59.830268741159834,56.85232262537555,2.9779461157842846
1978,2013.5,SSRA,M,284,707,40.169731258840166,43.14767737462445,-2.9779461157842846
1979,2013.5,THTR,F,108,210,51.42857142857142,56.85232262537555,-5.423751196804126
1980,2013.5,THTR,M,102,210,48.57142857142857,43.14767737462445,5.423751196804119
1981,2014.0,ANTH,F,60,92,65.21739130434783,56.876204238921005,8.341187065426823
1982,2014.0,ANTH,M,32,92,34.78260869565217,43.123795761078995,-8.341187065426823
1983,2014.0,ARTH,F,91,165,55.15151515151515,56.876204238921005,-1.7246890874058565
1984,2014.0,ARTH,M,74,165,44.84848484848485,43.123795761078995,1.7246890874058565
1985,2014.0,ARTS,F,151,219,68.94977168949772,56.876204238921005,12.073567450576718
1986,2014.0,ARTS,M,68,219,31.05022831050228,43.123795761078995,-12.073567450576714
1987,2014.0,ASNS,F,6,15,40.0,56.876204238921005,-16.876204238921005
1988,2014.0,ASNS,M,9,15,60.0,43.123795761078995,16.876204238921005
1989,2014.0,ASTR,F,96,197,48.73096446700508,56.876204238921005,-8.145239771915925
1990,2014.0,ASTR,M,101,197,51.26903553299492,43.123795761078995,8.145239771915925
1991,2014.0,BBMB,F,95,176,53.97727272727273,56.876204238921005,-2.8989315116482786
1992,2014.0,BBMB,M,81,176,46.02272727272727,43.123795761078995,2.8989315116482786
1993,2014.0,BIOL,F,536,745,71.94630872483222,56.876204238921005,15.070104485911216
1994,2014.0,BIOL,M,209,745,28.053691275167786,43.123795761078995,-15.070104485911209
1995,2014.0,CHEM,F,342,618,55.33980582524271,56.876204238921005,-1.5363984136782918
1996,2014.0,CHEM,M,276,618,44.66019417475729,43.123795761078995,1.5363984136782918
1997,2014.0,CHIN,F,23,42,54.761904761904766,56.876204238921005,-2.114299477016239
1998,2014.0,CHIN,M,19,42,45.23809523809524,43.123795761078995,2.114299477016246
1999,2014.0,CLAS,F,32,44,72.72727272727273,56.876204238921005,15.851068488351729
2000,2014.0,CLAS,M,12,44,27.27272727272727,43.123795761078995,-15.851068488351725
2001,2014.0,DANC,F,42,48,87.5,56.876204238921005,30.623795761078995
2002,2014.0,DANC,M,6,48,12.5,43.123795761078995,-30.623795761078995
2003,2014.0,ECON,F,92,273,33.6996336996337,56.876204238921005,-23.176570539287304
2004,2014.0,ECON,M,181,273,66.30036630036629,43.123795761078995,23.176570539287297
2005,2014.0,ENGL,F,142,245,57.95918367346938,56.876204238921005,1.0829794345483776
2006,2014.0,ENGL,M,103,245,42.04081632653061,43.123795761078995,-1.0829794345483847
2007,2014.0,ENVS,F,176,245,71.83673469387755,56.876204238921005,14.96053045495654
2008,2014.0,ENVS,M,69,245,28.163265306122447,43.123795761078995,-14.960530454956547
2009,2014.0,FMS,F,60,108,55.55555555555556,56.876204238921005,-1.320648683365448
2010,2014.0,FMS,M,48,108,44.44444444444444,43.123795761078995,1.320648683365448
2011,2014.0,FREN,F,44,61,72.1311475409836,56.876204238921005,15.2549433020626
2012,2014.0,FREN,M,17,61,27.86885245901639,43.123795761078995,-15.254943302062603
2013,2014.0,GENS,F,249,432,57.638888888888886,56.876204238921005,0.7626846499678805
2014,2014.0,GENS,M,183,432,42.36111111111111,43.123795761078995,-0.7626846499678877
2015,2014.0,GEOL,F,220,366,60.10928961748634,56.876204238921005,3.2330853785653346
2016,2014.0,GEOL,M,146,366,39.89071038251366,43.123795761078995,-3.2330853785653346
2017,2014.0,GERM,F,26,48,54.166666666666664,56.876204238921005,-2.709537572254341
2018,2014.0,GERM,M,22,48,45.83333333333333,43.123795761078995,2.709537572254334
2019,2014.0,GNDS,F,16,21,76.19047619047619,56.876204238921005,19.314271951555185
2020,2014.0,GNDS,M,5,21,23.809523809523807,43.123795761078995,-19.314271951555188
2021,2014.0,HIST,F,142,273,52.01465201465202,56.876204238921005,-4.8615522242689835
2022,2014.0,HIST,M,131,273,47.985347985347985,43.123795761078995,4.861552224268991
2023,2014.0,IDSC,F,7,13,53.84615384615385,56.876204238921005,-3.0300503927671585
2024,2014.0,IDSC,M,6,13,46.15384615384615,43.123795761078995,3.0300503927671585
2025,2014.0,JPNS,F,35,59,59.32203389830508,56.876204238921005,2.4458296593840743
2026,2014.0,JPNS,M,24,59,40.67796610169492,43.123795761078995,-2.4458296593840743
2027,2014.0,LIBR,F,8,17,47.05882352941176,56.876204238921005,-9.817380709509244
2028,2014.0,LIBR,M,9,17,52.94117647058824,43.123795761078995,9.817380709509244
2029,2014.0,LING,F,9,22,40.909090909090914,56.876204238921005,-15.967113329830092
2030,2014.0,LING,M,13,22,59.09090909090909,43.123795761078995,15.967113329830099
2031,2014.0,MATH,F,184,426,43.1924882629108,56.876204238921005,-13.683715976010205
2032,2014.0,MATH,M,242,426,56.8075117370892,43.123795761078995,13.683715976010205
2033,2014.0,MUS,F,306,610,50.1639344262295,56.876204238921005,-6.712269812691503
2034,2014.0,MUS,M,304,610,49.8360655737705,43.123795761078995,6.712269812691503
2035,2014.0,PHIL,F,54,138,39.130434782608695,56.876204238921005,-17.74576945631231
2036,2014.0,PHIL,M,84,138,60.86956521739131,43.123795761078995,17.745769456312317
2037,2014.0,PHYS,F,122,318,38.36477987421384,56.876204238921005,-18.511424364707167
2038,2014.0,PHYS,M,196,318,61.63522012578616,43.123795761078995,18.511424364707167
2039,2014.0,POL,F,139,249,55.82329317269076,56.876204238921005,-1.0529110662302443
2040,2014.0,POL,M,110,249,44.17670682730924,43.123795761078995,1.0529110662302443
2041,2014.0,PSYC,F,247,378,65.34391534391534,56.876204238921005,8.467711104994336
2042,2014.0,PSYC,M,131,378,34.65608465608466,43.123795761078995,-8.467711104994336
2043,2014.0,RAES,F,36,46,78.26086956521739,56.876204238921005,21.384665326296386
2044,2014.0,RAES,M,10,46,21.73913043478261,43.123795761078995,-21.384665326296386
2045,2014.0,REL,F,37,70,52.85714285714286,56.876204238921005,-4.019061381778144
2046,2014.0,REL,M,33,70,47.14285714285714,43.123795761078995,4.019061381778144
2047,2014.0,RHET,F,42,101,41.584158415841586,56.876204238921005,-15.29204582307942
2048,2014.0,RHET,M,59,101,58.415841584158414,43.123795761078995,15.29204582307942
2049,2014.0,SOC,F,198,273,72.52747252747253,56.876204238921005,15.65126828855152
2050,2014.0,SOC,M,75,273,27.472527472527474,43.123795761078995,-15.65126828855152
2051,2014.0,SPAN,F,86,128,67.1875,56.876204238921005,10.311295761078995
2052,2014.0,SPAN,M,42,128,32.8125,43.123795761078995,-10.311295761078995
2053,2014.0,SSRA,F,436,762,57.21784776902887,56.876204238921005,0.3416435301078664
2054,2014.0,SSRA,M,326,762,42.78215223097113,43.123795761078995,-0.3416435301078664
2055,2014.0,THTR,F,116,225,51.55555555555556,56.876204238921005,-5.320648683365448
2056,2014.0,THTR,M,109,225,48.44444444444444,43.123795761078995,5.320648683365448
2057,2014.0,WLIT,F,15,28,53.57142857142857,56.876204238921005,-3.304775667492436
2058,2014.0,WLIT,M,13,28,46.42857142857143,43.123795761078995,3.304775667492436
2059,2014.5,ANTH,F,78,107,72.89719626168224,56.62429723783916,16.27289902384308
2060,2014.5,ANTH,M,29,107,27.102803738317753,43.37570276216084,-16.272899023843088
2061,2014.5,ARTH,F,82,128,64.0625,56.62429723783916,7.4382027621608415
2062,2014.5,ARTH,M,46,128,35.9375,43.37570276216084,-7.4382027621608415
2063,2014.5,ARTS,F,152,223,68.16143497757847,56.62429723783916,11.537137739739308
2064,2014.5,ARTS,M,71,223,31.838565022421523,43.37570276216084,-11.537137739739318
2065,2014.5,ASTR,F,94,157,59.87261146496815,56.62429723783916,3.2483142271289935
2066,2014.5,ASTR,M,63,157,40.12738853503185,43.37570276216084,-3.2483142271289935
2067,2014.5,BBMB,F,67,103,65.0485436893204,56.62429723783916,8.424246451481238
2068,2014.5,BBMB,M,36,103,34.95145631067961,43.37570276216084,-8.424246451481231
2069,2014.5,BIOL,F,393,608,64.63815789473685,56.62429723783916,8.013860656897691
2070,2014.5,BIOL,M,215,608,35.36184210526316,43.37570276216084,-8.013860656897684
2071,2014.5,CHEM,F,382,721,52.98196948682386,56.62429723783916,-3.6423277510153014
2072,2014.5,CHEM,M,339,721,47.01803051317614,43.37570276216084,3.6423277510153014
2073,2014.5,CHIN,F,25,42,59.523809523809526,56.62429723783916,2.899512285970367
2074,2014.5,CHIN,M,17,42,40.476190476190474,43.37570276216084,-2.899512285970367
2075,2014.5,CLAS,F,11,25,44.0,56.62429723783916,-12.624297237839158
2076,2014.5,CLAS,M,14,25,56.00000000000001,43.37570276216084,12.624297237839166
2077,2014.5,DANC,F,64,78,82.05128205128204,56.62429723783916,25.426984813442886
2078,2014.5,DANC,M,14,78,17.94871794871795,43.37570276216084,-25.426984813442893
2079,2014.5,ECON,F,109,318,34.276729559748425,56.62429723783916,-22.347567678090734
2080,2014.5,ECON,M,209,318,65.72327044025157,43.37570276216084,22.347567678090726
2081,2014.5,ENGL,F,159,261,60.91954022988506,56.62429723783916,4.2952429920459
2082,2014.5,ENGL,M,102,261,39.08045977011494,43.37570276216084,-4.2952429920459
2083,2014.5,ENVS,F,134,222,60.36036036036037,56.62429723783916,3.736063122521209
2084,2014.5,ENVS,M,88,222,39.63963963963964,43.37570276216084,-3.7360631225212018
2085,2014.5,FMS,F,61,132,46.21212121212121,56.62429723783916,-10.412176025717947
2086,2014.5,FMS,M,71,132,53.78787878787878,43.37570276216084,10.41217602571794
2087,2014.5,FREN,F,68,95,71.57894736842105,56.62429723783916,14.954650130581896
2088,2014.5,FREN,M,27,95,28.421052631578945,43.37570276216084,-14.954650130581896
2089,2014.5,GENS,F,257,464,55.38793103448276,56.62429723783916,-1.236366203356397
2090,2014.5,GENS,M,207,464,44.612068965517246,43.37570276216084,1.236366203356404
2091,2014.5,GEOL,F,211,371,56.8733153638814,56.62429723783916,0.2490181260422446
2092,2014.5,GEOL,M,160,371,43.126684636118604,43.37570276216084,-0.2490181260422375
2093,2014.5,GERM,F,32,58,55.172413793103445,56.62429723783916,-1.4518834447357136
2094,2014.5,GERM,M,26,58,44.827586206896555,43.37570276216084,1.4518834447357136
2095,2014.5,GNDS,F,20,27,74.07407407407408,56.62429723783916,17.449776836234918
2096,2014.5,GNDS,M,7,27,25.925925925925924,43.37570276216084,-17.449776836234918
2097,2014.5,HIST,F,119,224,53.125,56.62429723783916,-3.4992972378391585
2098,2014.5,HIST,M,105,224,46.875,43.37570276216084,3.4992972378391585
2099,2014.5,JPNS,F,22,45,48.888888888888886,56.62429723783916,-7.735408348950273
2100,2014.5,JPNS,M,23,45,51.11111111111111,43.37570276216084,7.735408348950266
2101,2014.5,LAT,F,6,13,46.15384615384615,56.62429723783916,-10.470451083993005
2102,2014.5,LAT,M,7,13,53.84615384615385,43.37570276216084,10.470451083993005
2103,2014.5,LIBR,F,10,21,47.61904761904761,56.62429723783916,-9.005249618791545
2104,2014.5,LIBR,M,11,21,52.38095238095239,43.37570276216084,9.005249618791545
2105,2014.5,LING,F,12,33,36.36363636363637,56.62429723783916,-20.26066087420279
2106,2014.5,LING,M,21,33,63.63636363636363,43.37570276216084,20.26066087420279
2107,2014.5,MATH,F,170,432,39.351851851851855,56.62429723783916,-17.272445385987304
2108,2014.5,MATH,M,262,432,60.64814814814815,43.37570276216084,17.27244538598731
2109,2014.5,MUS,F,318,638,49.843260188087775,56.62429723783916,-6.781037049751383
2110,2014.5,MUS,M,320,638,50.15673981191222,43.37570276216084,6.781037049751376
2111,2014.5,PHIL,F,54,136,39.705882352941174,56.62429723783916,-16.918414884897985
2112,2014.5,PHIL,M,82,136,60.29411764705882,43.37570276216084,16.918414884897977
2113,2014.5,PHYS,F,126,287,43.90243902439025,56.62429723783916,-12.721858213448911
2114,2014.5,PHYS,M,161,287,56.09756097560976,43.37570276216084,12.721858213448918
2115,2014.5,POL,F,141,244,57.786885245901644,56.62429723783916,1.1625880080624853
2116,2014.5,POL,M,103,244,42.21311475409836,43.37570276216084,-1.1625880080624782
2117,2014.5,PSYC,F,263,390,67.43589743589745,56.62429723783916,10.811600198058287
2118,2014.5,PSYC,M,127,390,32.56410256410256,43.37570276216084,-10.81160019805828
2119,2014.5,RAES,F,16,20,80.0,56.62429723783916,23.37570276216084
2120,2014.5,RAES,M,4,20,20.0,43.37570276216084,-23.37570276216084
2121,2014.5,REL,F,48,80,60.0,56.62429723783916,3.3757027621608415
2122,2014.5,REL,M,32,80,40.0,43.37570276216084,-3.3757027621608415
2123,2014.5,RHET,F,69,134,51.49253731343284,56.62429723783916,-5.1317599244063175
2124,2014.5,RHET,M,65,134,48.507462686567166,43.37570276216084,5.131759924406325
2125,2014.5,SOC,F,211,283,74.55830388692578,56.62429723783916,17.934006649086626
2126,2014.5,SOC,M,72,283,25.4416961130742,43.37570276216084,-17.93400664908664
2127,2014.5,SPAN,F,117,168,69.64285714285714,56.62429723783916,13.01855990501798
2128,2014.5,SPAN,M,51,168,30.357142857142854,43.37570276216084,-13.018559905017987
2129,2014.5,SSRA,F,409,683,59.88286969253295,56.62429723783916,3.258572454693791
2130,2014.5,SSRA,M,274,683,40.11713030746706,43.37570276216084,-3.258572454693784
2131,2014.5,THTR,F,108,181,59.66850828729282,56.62429723783916,3.044211049453665
2132,2014.5,THTR,M,73,181,40.331491712707184,43.37570276216084,-3.044211049453658
2133,2014.5,WLIT,F,6,16,37.5,56.62429723783916,-19.12429723783916
2134,2014.5,WLIT,M,10,16,62.5,43.37570276216084,19.12429723783916
2135,2015.0,ANTH,F,85,119,71.42857142857143,56.78379697413372,14.644774454437709
2136,2015.0,ANTH,M,34,119,28.57142857142857,43.21620302586628,-14.644774454437709
2137,2015.0,ARTH,F,93,151,61.58940397350994,56.78379697413372,4.8056069993762165
2138,2015.0,ARTH,M,58,151,38.41059602649007,43.21620302586628,-4.805606999376209
2139,2015.0,ARTS,F,155,223,69.50672645739911,56.78379697413372,12.72292948326539
2140,2015.0,ARTS,M,68,223,30.493273542600896,43.21620302586628,-12.722929483265382
2141,2015.0,ASNS,F,11,24,45.83333333333333,56.78379697413372,-10.950463640800393
2142,2015.0,ASNS,M,13,24,54.166666666666664,43.21620302586628,10.950463640800386
2143,2015.0,ASTR,F,79,152,51.973684210526315,56.78379697413372,-4.810112763607407
2144,2015.0,ASTR,M,73,152,48.026315789473685,43.21620302586628,4.810112763607407
2145,2015.0,BBMB,F,97,154,62.98701298701299,56.78379697413372,6.203216012879267
2146,2015.0,BBMB,M,57,154,37.01298701298701,43.21620302586628,-6.203216012879267
2147,2015.0,BIOL,F,543,829,65.50060313630881,56.78379697413372,8.71680616217509
2148,2015.0,BIOL,M,286,829,34.499396863691196,43.21620302586628,-8.716806162175082
2149,2015.0,CHEM,F,332,629,52.78219395866455,56.78379697413372,-4.001603015469172
2150,2015.0,CHEM,M,297,629,47.21780604133545,43.21620302586628,4.001603015469172
2151,2015.0,CHIN,F,19,33,57.57575757575758,56.78379697413372,0.7919606016238561
2152,2015.0,CHIN,M,14,33,42.42424242424242,43.21620302586628,-0.7919606016238561
2153,2015.0,CLAS,F,26,40,65.0,56.78379697413372,8.216203025866278
2154,2015.0,CLAS,M,14,40,35.0,43.21620302586628,-8.216203025866278
2155,2015.0,DANC,F,49,68,72.05882352941177,56.78379697413372,15.275026555278046
2156,2015.0,DANC,M,19,68,27.941176470588236,43.21620302586628,-15.275026555278043
2157,2015.0,ECON,F,94,285,32.98245614035088,56.78379697413372,-23.801340833782845
2158,2015.0,ECON,M,191,285,67.01754385964912,43.21620302586628,23.801340833782845
2159,2015.0,ENGL,F,123,188,65.42553191489363,56.78379697413372,8.641734940759903
2160,2015.0,ENGL,M,65,188,34.57446808510639,43.21620302586628,-8.64173494075989
2161,2015.0,ENVS,F,191,296,64.52702702702703,56.78379697413372,7.74323005289331
2162,2015.0,ENVS,M,105,296,35.47297297297297,43.21620302586628,-7.74323005289331
2163,2015.0,FMS,F,34,92,36.95652173913043,56.78379697413372,-19.82727523500329
2164,2015.0,FMS,M,58,92,63.04347826086957,43.21620302586628,19.82727523500329
2165,2015.0,FREN,F,53,77,68.83116883116884,56.78379697413372,12.047371857035117
2166,2015.0,FREN,M,24,77,31.16883116883117,43.21620302586628,-12.04737185703511
2167,2015.0,GENS,F,238,429,55.47785547785548,56.78379697413372,-1.305941496278244
2168,2015.0,GENS,M,191,429,44.52214452214452,43.21620302586628,1.305941496278244
2169,2015.0,GEOL,F,178,304,58.55263157894737,56.78379697413372,1.768834604813648
2170,2015.0,GEOL,M,126,304,41.44736842105263,43.21620302586628,-1.768834604813648
2171,2015.0,GERM,F,23,46,50.0,56.78379697413372,-6.783796974133722
2172,2015.0,GERM,M,23,46,50.0,43.21620302586628,6.783796974133722
2173,2015.0,GNDS,F,30,40,75.0,56.78379697413372,18.216203025866278
2174,2015.0,GNDS,M,10,40,25.0,43.21620302586628,-18.216203025866278
2175,2015.0,HIST,F,135,239,56.48535564853556,56.78379697413372,-0.29844132559816217
2176,2015.0,HIST,M,104,239,43.51464435146444,43.21620302586628,0.29844132559816217
2177,2015.0,IDSC,F,53,81,65.4320987654321,56.78379697413372,8.64830179129838
2178,2015.0,IDSC,M,28,81,34.5679012345679,43.21620302586628,-8.64830179129838
2179,2015.0,JPNS,F,21,37,56.75675675675676,56.78379697413372,-0.027040217376963938
2180,2015.0,JPNS,M,16,37,43.24324324324324,43.21620302586628,0.027040217376963938
2181,2015.0,LIBR,F,7,13,53.84615384615385,56.78379697413372,-2.937643127979875
2182,2015.0,LIBR,M,6,13,46.15384615384615,43.21620302586628,2.937643127979875
2183,2015.0,MATH,F,148,379,39.050131926121374,56.78379697413372,-17.733665048012348
2184,2015.0,MATH,M,231,379,60.94986807387863,43.21620302586628,17.733665048012355
2185,2015.0,MUS,F,320,629,50.87440381558028,56.78379697413372,-5.909393158553442
2186,2015.0,MUS,M,309,629,49.12559618441971,43.21620302586628,5.909393158553435
2187,2015.0,PHIL,F,39,123,31.70731707317073,56.78379697413372,-25.07647990096299
2188,2015.0,PHIL,M,84,123,68.29268292682927,43.21620302586628,25.076479900962994
2189,2015.0,PHYS,F,111,266,41.72932330827068,56.78379697413372,-15.054473665863043
2190,2015.0,PHYS,M,155,266,58.27067669172933,43.21620302586628,15.05447366586305
2191,2015.0,POL,F,135,243,55.55555555555556,56.78379697413372,-1.2282414185781647
2192,2015.0,POL,M,108,243,44.44444444444444,43.21620302586628,1.2282414185781647
2193,2015.0,PSYC,F,262,379,69.12928759894459,56.78379697413372,12.345490624810864
2194,2015.0,PSYC,M,117,379,30.87071240105541,43.21620302586628,-12.345490624810868
2195,2015.0,REL,F,62,108,57.407407407407405,56.78379697413372,0.6236104332736829
2196,2015.0,REL,M,46,108,42.592592592592595,43.21620302586628,-0.6236104332736829
2197,2015.0,RHET,F,43,106,40.56603773584906,56.78379697413372,-16.217759238284664
2198,2015.0,RHET,M,63,106,59.43396226415094,43.21620302586628,16.217759238284664
2199,2015.0,SOC,F,199,272,73.16176470588235,56.78379697413372,16.377967731748626
2200,2015.0,SOC,M,73,272,26.838235294117645,43.21620302586628,-16.377967731748633
2201,2015.0,SPAN,F,77,114,67.54385964912281,56.78379697413372,10.760062674989086
2202,2015.0,SPAN,M,37,114,32.45614035087719,43.21620302586628,-10.760062674989086
2203,2015.0,SSRA,F,441,771,57.19844357976653,56.78379697413372,0.41464660563281086
2204,2015.0,SSRA,M,330,771,42.80155642023346,43.21620302586628,-0.41464660563281797
2205,2015.0,THTR,F,124,208,59.61538461538461,56.78379697413372,2.8315876412508914
2206,2015.0,THTR,M,84,208,40.38461538461539,43.21620302586628,-2.8315876412508914
2207,2015.0,WLIT,F,18,40,45.0,56.78379697413372,-11.783796974133722
2208,2015.0,WLIT,M,22,40,55.00000000000001,43.21620302586628,11.783796974133729
2209,2015.5,ANTH,F,75,106,70.75471698113208,57.83844992450931,12.916267056622765
2210,2015.5,ANTH,M,31,106,29.245283018867923,42.16155007549069,-12.916267056622765
2211,2015.5,ARTH,F,98,148,66.21621621621621,57.83844992450931,8.377766291706898
2212,2015.5,ARTH,M,50,148,33.78378378378378,42.16155007549069,-8.377766291706905
2213,2015.5,ARTS,F,133,195,68.2051282051282,57.83844992450931,10.366678280618892
2214,2015.5,ARTS,M,62,195,31.794871794871792,42.16155007549069,-10.366678280618896
2215,2015.5,ASTR,F,68,157,43.31210191082803,57.83844992450931,-14.526348013681286
2216,2015.5,ASTR,M,89,157,56.68789808917197,42.16155007549069,14.526348013681286
2217,2015.5,BBMB,F,56,108,51.85185185185185,57.83844992450931,-5.986598072657465
2218,2015.5,BBMB,M,52,108,48.148148148148145,42.16155007549069,5.986598072657458
2219,2015.5,BIOL,F,406,637,63.73626373626373,57.83844992450931,5.897813811754418
2220,2015.5,BIOL,M,231,637,36.26373626373626,42.16155007549069,-5.897813811754425
2221,2015.5,CHEM,F,358,620,57.74193548387097,57.83844992450931,-0.09651444063834447
2222,2015.5,CHEM,M,262,620,42.25806451612903,42.16155007549069,0.09651444063834447
2223,2015.5,CHIN,F,14,28,50.0,57.83844992450931,-7.838449924509312
2224,2015.5,CHIN,M,14,28,50.0,42.16155007549069,7.838449924509312
2225,2015.5,CLAS,F,26,37,70.27027027027027,57.83844992450931,12.431820345760961
2226,2015.5,CLAS,M,11,37,29.72972972972973,42.16155007549069,-12.431820345760958
2227,2015.5,COMP,F,23,34,67.64705882352942,57.83844992450931,9.808608899020108
2228,2015.5,COMP,M,11,34,32.35294117647059,42.16155007549069,-9.8086088990201
2229,2015.5,CS,F,27,80,33.75,57.83844992450931,-24.088449924509312
2230,2015.5,CS,M,53,80,66.25,42.16155007549069,24.088449924509312
2231,2015.5,DANC,F,78,100,78.0,57.83844992450931,20.161550075490688
2232,2015.5,DANC,M,22,100,22.0,42.16155007549069,-20.161550075490688
2233,2015.5,ECON,F,102,306,33.33333333333333,57.83844992450931,-24.505116591175984
2234,2015.5,ECON,M,204,306,66.66666666666666,42.16155007549069,24.50511659117597
2235,2015.5,ENGL,F,130,200,65.0,57.83844992450931,7.161550075490688
2236,2015.5,ENGL,M,70,200,35.0,42.16155007549069,-7.161550075490688
2237,2015.5,ENVS,F,157,232,67.67241379310344,57.83844992450931,9.833963868594132
2238,2015.5,ENVS,M,75,232,32.327586206896555,42.16155007549069,-9.833963868594132
2239,2015.5,FMS,F,60,104,57.692307692307686,57.83844992450931,-0.14614223220162614
2240,2015.5,FMS,M,44,104,42.30769230769231,42.16155007549069,0.14614223220161904
2241,2015.5,FREN,F,54,71,76.05633802816901,57.83844992450931,18.217888103659696
2242,2015.5,FREN,M,17,71,23.943661971830984,42.16155007549069,-18.217888103659703
2243,2015.5,GENS,F,219,372,58.87096774193549,57.83844992450931,1.032517817426175
2244,2015.5,GENS,M,153,372,41.12903225806452,42.16155007549069,-1.032517817426168
2245,2015.5,GEOL,F,194,292,66.43835616438356,57.83844992450931,8.599906239874251
2246,2015.5,GEOL,M,98,292,33.56164383561644,42.16155007549069,-8.599906239874251
2247,2015.5,GERM,F,24,46,52.17391304347826,57.83844992450931,-5.664536881031054
2248,2015.5,GERM,M,22,46,47.82608695652174,42.16155007549069,5.664536881031054
2249,2015.5,GNDS,F,28,33,84.84848484848484,57.83844992450931,27.01003492397553
2250,2015.5,GNDS,M,5,33,15.151515151515152,42.16155007549069,-27.010034923975535
2251,2015.5,HIST,F,101,193,52.331606217616574,57.83844992450931,-5.506843706892738
2252,2015.5,HIST,M,92,193,47.66839378238342,42.16155007549069,5.506843706892731
2253,2015.5,IDSC,F,10,14,71.42857142857143,57.83844992450931,13.590121504062118
2254,2015.5,IDSC,M,4,14,28.57142857142857,42.16155007549069,-13.590121504062118
2255,2015.5,JPNS,F,45,63,71.42857142857143,57.83844992450931,13.590121504062118
2256,2015.5,JPNS,M,18,63,28.57142857142857,42.16155007549069,-13.590121504062118
2257,2015.5,LAT,F,9,19,47.368421052631575,57.83844992450931,-10.470028871877737
2258,2015.5,LAT,M,10,19,52.63157894736842,42.16155007549069,10.47002887187773
2259,2015.5,LIBR,F,8,12,66.66666666666666,57.83844992450931,8.828216742157345
2260,2015.5,LIBR,M,4,12,33.33333333333333,42.16155007549069,-8.828216742157359
2261,2015.5,MATH,F,173,382,45.287958115183244,57.83844992450931,-12.550491809326068
2262,2015.5,MATH,M,209,382,54.712041884816756,42.16155007549069,12.550491809326068
2263,2015.5,MUS,F,352,698,50.429799426934096,57.83844992450931,-7.408650497575216
2264,2015.5,MUS,M,346,698,49.570200573065904,42.16155007549069,7.408650497575216
2265,2015.5,PHIL,F,51,149,34.22818791946309,57.83844992450931,-23.610262005046224
2266,2015.5,PHIL,M,98,149,65.77181208053692,42.16155007549069,23.61026200504623
2267,2015.5,PHYS,F,137,321,42.679127725856695,57.83844992450931,-15.159322198652617
2268,2015.5,PHYS,M,184,321,57.3208722741433,42.16155007549069,15.15932219865261
2269,2015.5,POL,F,147,262,56.10687022900763,57.83844992450931,-1.7315796955016793
2270,2015.5,POL,M,115,262,43.89312977099237,42.16155007549069,1.7315796955016793
2271,2015.5,PSYC,F,300,440,68.18181818181817,57.83844992450931,10.34336825730886
2272,2015.5,PSYC,M,140,440,31.818181818181817,42.16155007549069,-10.343368257308871
2273,2015.5,RAES,F,13,22,59.09090909090909,57.83844992450931,1.252459166399781
2274,2015.5,RAES,M,9,22,40.909090909090914,42.16155007549069,-1.252459166399774
2275,2015.5,REL,F,68,91,74.72527472527473,57.83844992450931,16.886824800765417
2276,2015.5,REL,M,23,91,25.274725274725274,42.16155007549069,-16.886824800765414
2277,2015.5,RHET,F,55,101,54.45544554455446,57.83844992450931,-3.383004379954855
2278,2015.5,RHET,M,46,101,45.54455445544555,42.16155007549069,3.383004379954862
2279,2015.5,SOC,F,192,271,70.84870848708486,57.83844992450931,13.010258562575551
2280,2015.5,SOC,M,79,271,29.15129151291513,42.16155007549069,-13.010258562575558
2281,2015.5,SPAN,F,108,149,72.48322147651007,57.83844992450931,14.644771552000755
2282,2015.5,SPAN,M,41,149,27.516778523489933,42.16155007549069,-14.644771552000755
2283,2015.5,SSRA,F,369,623,59.22953451043339,57.83844992450931,1.3910845859240766
2284,2015.5,SSRA,M,254,623,40.77046548956662,42.16155007549069,-1.3910845859240695
2285,2015.5,THTR,F,112,189,59.25925925925925,57.83844992450931,1.42080933474994
2286,2015.5,THTR,M,77,189,40.74074074074074,42.16155007549069,-1.420809334749947
2287,2015.5,WLIT,F,11,34,32.35294117647059,57.83844992450931,-25.485508748038725
2288,2015.5,WLIT,M,23,34,67.64705882352942,42.16155007549069,25.485508748038733
2289,2016.0,ANTH,F,68,98,69.38775510204081,57.63151075408137,11.756244347959445
2290,2016.0,ANTH,M,30,98,30.612244897959183,42.36848924591863,-11.756244347959449
2291,2016.0,ARTH,F,86,144,59.72222222222222,57.63151075408137,2.090711468140853
2292,2016.0,ARTH,M,58,144,40.27777777777778,42.36848924591863,-2.090711468140853
2293,2016.0,ARTS,F,135,199,67.8391959798995,57.63151075408137,10.207685225818132
2294,2016.0,ARTS,M,64,199,32.1608040201005,42.36848924591863,-10.207685225818132
2295,2016.0,ASNS,F,12,29,41.37931034482759,57.63151075408137,-16.25220040925378
2296,2016.0,ASNS,M,17,29,58.620689655172406,42.36848924591863,16.252200409253774
2297,2016.0,ASTR,F,42,96,43.75,57.63151075408137,-13.881510754081368
2298,2016.0,ASTR,M,54,96,56.25,42.36848924591863,13.881510754081368
2299,2016.0,BBMB,F,98,186,52.68817204301075,57.63151075408137,-4.943338711070616
2300,2016.0,BBMB,M,88,186,47.31182795698925,42.36848924591863,4.943338711070616
2301,2016.0,BIOL,F,441,722,61.08033240997231,57.63151075408137,3.4488216558909386
2302,2016.0,BIOL,M,281,722,38.9196675900277,42.36848924591863,-3.4488216558909315
2303,2016.0,CHEM,F,297,496,59.87903225806451,57.63151075408137,2.247521503983144
2304,2016.0,CHEM,M,199,496,40.12096774193548,42.36848924591863,-2.247521503983151
2305,2016.0,CHIN,F,13,24,54.166666666666664,57.63151075408137,-3.464844087414704
2306,2016.0,CHIN,M,11,24,45.83333333333333,42.36848924591863,3.464844087414697
2307,2016.0,CLAS,F,13,24,54.166666666666664,57.63151075408137,-3.464844087414704
2308,2016.0,CLAS,M,11,24,45.83333333333333,42.36848924591863,3.464844087414697
2309,2016.0,COMP,F,20,29,68.96551724137932,57.63151075408137,11.334006487297948
2310,2016.0,COMP,M,9,29,31.03448275862069,42.36848924591863,-11.334006487297941
2311,2016.0,CS,F,25,102,24.509803921568626,57.63151075408137,-33.12170683251274
2312,2016.0,CS,M,77,102,75.49019607843137,42.36848924591863,33.121706832512736
2313,2016.0,DANC,F,69,84,82.14285714285714,57.63151075408137,24.51134638877577
2314,2016.0,DANC,M,15,84,17.857142857142858,42.36848924591863,-24.511346388775774
2315,2016.0,ECON,F,88,273,32.234432234432234,57.63151075408137,-25.397078519649135
2316,2016.0,ECON,M,185,273,67.76556776556777,42.36848924591863,25.397078519649135
2317,2016.0,ENGL,F,161,246,65.4471544715447,57.63151075408137,7.815643717463338
2318,2016.0,ENGL,M,85,246,34.552845528455286,42.36848924591863,-7.815643717463345
2319,2016.0,ENVS,F,176,273,64.46886446886447,57.63151075408137,6.837353714783099
2320,2016.0,ENVS,M,97,273,35.53113553113553,42.36848924591863,-6.837353714783099
2321,2016.0,FMS,F,64,105,60.952380952380956,57.63151075408137,3.3208701982995876
2322,2016.0,FMS,M,41,105,39.04761904761905,42.36848924591863,-3.3208701982995805
2323,2016.0,FREN,F,49,65,75.38461538461539,57.63151075408137,17.75310463053402
2324,2016.0,FREN,M,16,65,24.615384615384617,42.36848924591863,-17.753104630534015
2325,2016.0,GENS,F,216,364,59.34065934065934,57.63151075408137,1.7091485865779745
2326,2016.0,GENS,M,148,364,40.65934065934066,42.36848924591863,-1.7091485865779745
2327,2016.0,GEOL,F,143,260,55.00000000000001,57.63151075408137,-2.6315107540813614
2328,2016.0,GEOL,M,117,260,45.0,42.36848924591863,2.6315107540813685
2329,2016.0,GERM,F,20,36,55.55555555555556,57.63151075408137,-2.0759551985258113
2330,2016.0,GERM,M,16,36,44.44444444444444,42.36848924591863,2.0759551985258113
2331,2016.0,GNDS,F,17,29,58.620689655172406,57.63151075408137,0.9891789010910372
2332,2016.0,GNDS,M,12,29,41.37931034482759,42.36848924591863,-0.9891789010910443
2333,2016.0,HIST,F,114,226,50.442477876106196,57.63151075408137,-7.189032877975173
2334,2016.0,HIST,M,112,226,49.557522123893804,42.36848924591863,7.189032877975173
2335,2016.0,IDSC,F,9,11,81.81818181818183,57.63151075408137,24.18667106410046
2336,2016.0,IDSC,M,2,11,18.181818181818183,42.36848924591863,-24.186671064100448
2337,2016.0,JPNS,F,30,50,60.0,57.63151075408137,2.3684892459186315
2338,2016.0,JPNS,M,20,50,40.0,42.36848924591863,-2.3684892459186315
2339,2016.0,LAT,F,5,11,45.45454545454545,57.63151075408137,-12.176965299535915
2340,2016.0,LAT,M,6,11,54.54545454545454,42.36848924591863,12.176965299535908
2341,2016.0,LIBR,F,6,15,40.0,57.63151075408137,-17.63151075408137
2342,2016.0,LIBR,M,9,15,60.0,42.36848924591863,17.63151075408137
2343,2016.0,LING,F,6,14,42.857142857142854,57.63151075408137,-14.774367896938514
2344,2016.0,LING,M,8,14,57.14285714285714,42.36848924591863,14.774367896938507
2345,2016.0,MATH,F,128,292,43.83561643835616,57.63151075408137,-13.795894315725207
2346,2016.0,MATH,M,164,292,56.16438356164384,42.36848924591863,13.795894315725207
2347,2016.0,MUS,F,361,660,54.6969696969697,57.63151075408137,-2.934541057111666
2348,2016.0,MUS,M,299,660,45.3030303030303,42.36848924591863,2.934541057111666
2349,2016.0,PHIL,F,77,165,46.666666666666664,57.63151075408137,-10.964844087414704
2350,2016.0,PHIL,M,88,165,53.333333333333336,42.36848924591863,10.964844087414704
2351,2016.0,PHYS,F,109,248,43.95161290322581,57.63151075408137,-13.67989785085556
2352,2016.0,PHYS,M,139,248,56.048387096774185,42.36848924591863,13.679897850855554
2353,2016.0,POL,F,175,276,63.40579710144928,57.63151075408137,5.774286347367912
2354,2016.0,POL,M,101,276,36.594202898550726,42.36848924591863,-5.774286347367905
2355,2016.0,PSYC,F,273,395,69.11392405063292,57.63151075408137,11.482413296551549
2356,2016.0,PSYC,M,122,395,30.886075949367086,42.36848924591863,-11.482413296551545
2357,2016.0,REL,F,52,88,59.09090909090909,57.63151075408137,1.459398336827725
2358,2016.0,REL,M,36,88,40.909090909090914,42.36848924591863,-1.459398336827718
2359,2016.0,RHET,F,43,80,53.75,57.63151075408137,-3.8815107540813685
2360,2016.0,RHET,M,37,80,46.25,42.36848924591863,3.8815107540813685
2361,2016.0,SOC,F,165,247,66.80161943319838,57.63151075408137,9.170108679117014
2362,2016.0,SOC,M,82,247,33.198380566801625,42.36848924591863,-9.170108679117007
2363,2016.0,SPAN,F,88,124,70.96774193548387,57.63151075408137,13.336231181402503
2364,2016.0,SPAN,M,36,124,29.03225806451613,42.36848924591863,-13.3362311814025
2365,2016.0,SSRA,F,427,718,59.47075208913649,57.63151075408137,1.8392413350551209
2366,2016.0,SSRA,M,291,718,40.52924791086351,42.36848924591863,-1.8392413350551209
2367,2016.0,THTR,F,97,171,56.72514619883041,57.63151075408137,-0.9063645552509598
2368,2016.0,THTR,M,74,171,43.27485380116959,42.36848924591863,0.9063645552509598
2369,2016.0,WLIT,F,21,32,65.625,57.63151075408137,7.9934892459186315
2370,2016.0,WLIT,M,11,32,34.375,42.36848924591863,-7.9934892459186315
2371,2016.5,ANTH,F,72,102,70.58823529411765,57.59532977269905,12.9929055214186
2372,2016.5,ANTH,M,30,102,29.411764705882355,42.404670227300954,-12.9929055214186
2373,2016.5,ARTH,F,92,142,64.7887323943662,57.59532977269905,7.193402621667154
2374,2016.5,ARTH,M,50,142,35.2112676056338,42.404670227300954,-7.193402621667154
2375,2016.5,ARTS,F,144,191,75.39267015706807,57.59532977269905,17.797340384369015
2376,2016.5,ARTS,M,47,191,24.60732984293194,42.404670227300954,-17.797340384369015
2377,2016.5,ASTR,F,83,162,51.23456790123457,57.59532977269905,-6.360761871464483
2378,2016.5,ASTR,M,79,162,48.76543209876543,42.404670227300954,6.360761871464476
2379,2016.5,BBMB,F,42,86,48.837209302325576,57.59532977269905,-8.758120470373477
2380,2016.5,BBMB,M,44,86,51.162790697674424,42.404670227300954,8.75812047037347
2381,2016.5,BIOL,F,411,627,65.55023923444976,57.59532977269905,7.9549094617507095
2382,2016.5,BIOL,M,216,627,34.44976076555024,42.404670227300954,-7.954909461750717
2383,2016.5,CHEM,F,333,608,54.76973684210527,57.59532977269905,-2.8255929305937855
2384,2016.5,CHEM,M,275,608,45.23026315789473,42.404670227300954,2.8255929305937784
2385,2016.5,CHIN,F,15,29,51.724137931034484,57.59532977269905,-5.871191841664569
2386,2016.5,CHIN,M,14,29,48.275862068965516,42.404670227300954,5.871191841664562
2387,2016.5,CLAS,F,26,43,60.46511627906976,57.59532977269905,2.8697865063707084
2388,2016.5,CLAS,M,17,43,39.53488372093023,42.404670227300954,-2.8697865063707226
2389,2016.5,COMP,F,33,48,68.75,57.59532977269905,11.154670227300947
2390,2016.5,COMP,M,15,48,31.25,42.404670227300954,-11.154670227300954
2391,2016.5,CS,F,41,140,29.28571428571429,57.59532977269905,-28.309615486984764
2392,2016.5,CS,M,99,140,70.71428571428572,42.404670227300954,28.309615486984768
2393,2016.5,DANC,F,66,92,71.73913043478261,57.59532977269905,14.143800662083557
2394,2016.5,DANC,M,26,92,28.26086956521739,42.404670227300954,-14.143800662083564
2395,2016.5,ECON,F,77,259,29.72972972972973,57.59532977269905,-27.865600042969323
2396,2016.5,ECON,M,182,259,70.27027027027027,42.404670227300954,27.86560004296932
2397,2016.5,ENGL,F,128,209,61.24401913875598,57.59532977269905,3.648689366056928
2398,2016.5,ENGL,M,81,209,38.75598086124402,42.404670227300954,-3.648689366056935
2399,2016.5,ENVS,F,188,290,64.82758620689654,57.59532977269905,7.232256434197488
2400,2016.5,ENVS,M,102,290,35.172413793103445,42.404670227300954,-7.2322564341975095
2401,2016.5,FMS,F,75,126,59.523809523809526,57.59532977269905,1.9284797511104728
2402,2016.5,FMS,M,51,126,40.476190476190474,42.404670227300954,-1.9284797511104799
2403,2016.5,FREN,F,47,65,72.3076923076923,57.59532977269905,14.712362534993254
2404,2016.5,FREN,M,18,65,27.692307692307693,42.404670227300954,-14.712362534993261
2405,2016.5,GENS,F,235,424,55.42452830188679,57.59532977269905,-2.1708014708122647
2406,2016.5,GENS,M,189,424,44.575471698113205,42.404670227300954,2.1708014708122505
2407,2016.5,GEOL,F,187,296,63.17567567567568,57.59532977269905,5.5803459029766245
2408,2016.5,GEOL,M,109,296,36.82432432432432,42.404670227300954,-5.580345902976632
2409,2016.5,GERM,F,24,42,57.14285714285714,57.59532977269905,-0.45247262984191394
2410,2016.5,GERM,M,18,42,42.857142857142854,42.404670227300954,0.45247262984189973
2411,2016.5,GNDS,F,25,30,83.33333333333334,57.59532977269905,25.73800356063429
2412,2016.5,GNDS,M,5,30,16.666666666666664,42.404670227300954,-25.73800356063429
2413,2016.5,HIST,F,105,209,50.23923444976076,57.59532977269905,-7.356095322938295
2414,2016.5,HIST,M,104,209,49.760765550239235,42.404670227300954,7.35609532293828
2415,2016.5,IDSC,F,24,34,70.58823529411765,57.59532977269905,12.9929055214186
2416,2016.5,IDSC,M,10,34,29.411764705882355,42.404670227300954,-12.9929055214186
2417,2016.5,JPNS,F,31,49,63.26530612244898,57.59532977269905,5.6699763497499305
2418,2016.5,JPNS,M,18,49,36.734693877551024,42.404670227300954,-5.6699763497499305
2419,2016.5,LAT,F,7,12,58.333333333333336,57.59532977269905,0.738003560634283
2420,2016.5,LAT,M,5,12,41.66666666666667,42.404670227300954,-0.738003560634283
2421,2016.5,LIBR,F,21,33,63.63636363636363,57.59532977269905,6.04103386366458
2422,2016.5,LIBR,M,12,33,36.36363636363637,42.404670227300954,-6.0410338636645875
2423,2016.5,LING,F,4,13,30.76923076923077,57.59532977269905,-26.826099003468283
2424,2016.5,LING,M,9,13,69.23076923076923,42.404670227300954,26.826099003468272
2425,2016.5,MATH,F,186,377,49.3368700265252,57.59532977269905,-8.258459746173855
2426,2016.5,MATH,M,191,377,50.663129973474796,42.404670227300954,8.258459746173841
2427,2016.5,MUS,F,348,675,51.55555555555556,57.59532977269905,-6.039774217143496
2428,2016.5,MUS,M,327,675,48.44444444444444,42.404670227300954,6.0397742171434885
2429,2016.5,PHIL,F,73,174,41.95402298850575,57.59532977269905,-15.641306784193304
2430,2016.5,PHIL,M,101,174,58.04597701149425,42.404670227300954,15.641306784193297
2431,2016.5,PHYS,F,127,279,45.51971326164875,57.59532977269905,-12.075616511050306
2432,2016.5,PHYS,M,152,279,54.48028673835126,42.404670227300954,12.075616511050306
2433,2016.5,POL,F,145,244,59.42622950819673,57.59532977269905,1.830899735497674
2434,2016.5,POL,M,99,244,40.57377049180328,42.404670227300954,-1.830899735497674
2435,2016.5,PSYC,F,326,476,68.4873949579832,57.59532977269905,10.892065185284146
2436,2016.5,PSYC,M,150,476,31.512605042016805,42.404670227300954,-10.89206518528415
2437,2016.5,RAES,F,15,26,57.692307692307686,57.59532977269905,0.09697791960863356
2438,2016.5,RAES,M,11,26,42.30769230769231,42.404670227300954,-0.09697791960864777
2439,2016.5,REL,F,45,72,62.5,57.59532977269905,4.904670227300947
2440,2016.5,REL,M,27,72,37.5,42.404670227300954,-4.904670227300954
2441,2016.5,RHET,F,71,133,53.383458646616546,57.59532977269905,-4.211871126082507
2442,2016.5,RHET,M,62,133,46.616541353383454,42.404670227300954,4.2118711260824995
2443,2016.5,SOC,F,192,277,69.31407942238266,57.59532977269905,11.718749649683609
2444,2016.5,SOC,M,85,277,30.685920577617328,42.404670227300954,-11.718749649683627
2445,2016.5,SPAN,F,92,134,68.65671641791045,57.59532977269905,11.061386645211392
2446,2016.5,SPAN,M,42,134,31.343283582089555,42.404670227300954,-11.0613866452114
2447,2016.5,SSRA,F,359,622,57.71704180064309,57.59532977269905,0.12171202794403513
2448,2016.5,SSRA,M,263,622,42.28295819935691,42.404670227300954,-0.12171202794404223
2449,2016.5,THTR,F,103,169,60.946745562130175,57.59532977269905,3.3514157894311225
2450,2016.5,THTR,M,66,169,39.053254437869825,42.404670227300954,-3.3514157894311296
2451,2016.5,WLIT,F,13,23,56.52173913043478,57.59532977269905,-1.0735906422642714
2452,2016.5,WLIT,M,10,23,43.47826086956522,42.404670227300954,1.0735906422642643
2453,2017.0,AMES,F,15,22,68.18181818181817,56.04060913705584,12.141209044762334
2454,2017.0,AMES,M,7,22,31.818181818181817,43.934010152284266,-12.11582833410245
2455,2017.0,ANTH,F,90,125,72.0,56.04060913705584,15.959390862944161
2456,2017.0,ANTH,M,35,125,28.000000000000004,43.934010152284266,-15.934010152284262
2457,2017.0,ARTH,F,80,137,58.3941605839416,56.04060913705584,2.35355144688576
2458,2017.0,ARTH,M,57,137,41.605839416058394,43.934010152284266,-2.3281707362258715
2459,2017.0,ARTS,F,153,207,73.91304347826086,56.04060913705584,17.87243434120502
2460,2017.0,ARTS,M,54,207,26.08695652173913,43.934010152284266,-17.847053630545137
2461,2017.0,ASTR,F,39,85,45.88235294117647,56.04060913705584,-10.158256195879368
2462,2017.0,ASTR,M,46,85,54.11764705882353,43.934010152284266,10.183636906539263
2463,2017.0,BBMB,F,48,91,52.74725274725275,56.04060913705584,-3.293356389803087
2464,2017.0,BBMB,M,43,91,47.25274725274725,43.934010152284266,3.3187371004629824
2465,2017.0,BIOL,F,435,711,61.18143459915611,56.04060913705584,5.140825462100274
2466,2017.0,BIOL,M,276,711,38.81856540084388,43.934010152284266,-5.115444751440386
2467,2017.0,CHEM,F,287,531,54.048964218455744,56.04060913705584,-1.9916449186000946
2468,2017.0,CHEM,M,244,531,45.951035781544256,43.934010152284266,2.01702562925999
2469,2017.0,CHIN,F,24,43,55.81395348837209,56.04060913705584,-0.22665564868374588
2470,2017.0,CHIN,M,19,43,44.18604651162791,43.934010152284266,0.25203635934364144
2471,2017.0,CLAS,F,19,33,57.57575757575758,56.04060913705584,1.5351484387017393
2472,2017.0,CLAS,M,14,33,42.42424242424242,43.934010152284266,-1.5097677280418438
2473,2017.0,COMP,F,13,23,56.52173913043478,56.04060913705584,0.4811299933789428
2474,2017.0,COMP,M,10,23,43.47826086956522,43.934010152284266,-0.45574928271904724
2475,2017.0,CS,F,38,145,26.20689655172414,56.04060913705584,-29.8337125853317
2476,2017.0,CS,M,107,145,73.79310344827587,43.934010152284266,29.859093295991606
2477,2017.0,DANC,F,82,104,78.84615384615384,56.04060913705584,22.805544709098
2478,2017.0,DANC,M,22,104,21.153846153846153,43.934010152284266,-22.780163998438113
2479,2017.0,ECON,F,78,237,32.91139240506329,56.04060913705584,-23.12921673199255
2480,2017.0,ECON,M,159,237,67.08860759493672,43.934010152284266,23.154597442652452
2481,2017.0,ENGL,F,153,238,64.28571428571429,56.04060913705584,8.245105148658453
2482,2017.0,ENGL,M,85,238,35.714285714285715,43.934010152284266,-8.21972443799855
2483,2017.0,ENVS,F,199,279,71.32616487455196,56.04060913705584,15.285555737496125
2484,2017.0,ENVS,M,80,279,28.673835125448026,43.934010152284266,-15.26017502683624
2485,2017.0,FMS,F,82,165,49.696969696969695,56.04060913705584,-6.343639440086143
2486,2017.0,FMS,M,83,165,50.303030303030305,43.934010152284266,6.369020150746039
2487,2017.0,FREN,F,45,64,70.3125,56.04060913705584,14.271890862944161
2488,2017.0,FREN,M,19,64,29.6875,43.934010152284266,-14.246510152284266
2489,2017.0,GENS,F,218,412,52.9126213592233,56.04060913705584,-3.127987777832537
2490,2017.0,GENS,M,194,412,47.0873786407767,43.934010152284266,3.1533684884924327
2491,2017.0,GEOL,F,192,322,59.62732919254658,56.04060913705584,3.586720055490744
2492,2017.0,GEOL,M,130,322,40.37267080745342,43.934010152284266,-3.5613393448308486
2493,2017.0,GERM,F,22,39,56.41025641025641,56.04060913705584,0.3696472732005702
2494,2017.0,GERM,M,16,39,41.02564102564102,43.934010152284266,-2.908369126643244
2495,2017.0,GERM,U,1,39,2.564102564102564,0.025380710659898477,2.538721853442665
2496,2017.0,GNDS,F,30,43,69.76744186046511,56.04060913705584,13.726832723409274
2497,2017.0,GNDS,M,13,43,30.23255813953488,43.934010152284266,-13.701452012749385
2498,2017.0,HIST,F,97,198,48.98989898989899,56.04060913705584,-7.050710147156849
2499,2017.0,HIST,M,101,198,51.010101010101,43.934010152284266,7.076090857816737
2500,2017.0,IDSC,F,24,42,57.14285714285714,56.04060913705584,1.1022480058013002
2501,2017.0,IDSC,M,18,42,42.857142857142854,43.934010152284266,-1.0768672951414118
2502,2017.0,JPNS,F,33,56,58.92857142857143,56.04060913705584,2.887962291515592
2503,2017.0,JPNS,M,23,56,41.07142857142857,43.934010152284266,-2.8625815808556965
2504,2017.0,MATH,F,144,327,44.03669724770643,56.04060913705584,-12.00391188934941
2505,2017.0,MATH,M,182,327,55.65749235474006,43.934010152284266,11.723482202455791
2506,2017.0,MATH,U,1,327,0.3058103975535168,0.025380710659898477,0.2804296868936183
2507,2017.0,MUS,F,315,617,51.053484602917344,56.04060913705584,-4.987124534138495
2508,2017.0,MUS,M,302,617,48.946515397082656,43.934010152284266,5.01250524479839
2509,2017.0,PHIL,F,76,187,40.64171122994652,56.04060913705584,-15.398897907109315
2510,2017.0,PHIL,M,111,187,59.35828877005348,43.934010152284266,15.424278617769211
2511,2017.0,PHYS,F,83,234,35.47008547008547,56.04060913705584,-20.570523666970367
2512,2017.0,PHYS,M,151,234,64.52991452991454,43.934010152284266,20.59590437763027
2513,2017.0,POL,F,133,235,56.59574468085107,56.04060913705584,0.555135543795231
2514,2017.0,POL,M,102,235,43.40425531914894,43.934010152284266,-0.5297548331353283
2515,2017.0,PSYC,F,260,394,65.98984771573603,56.04060913705584,9.949238578680195
2516,2017.0,PSYC,M,134,394,34.01015228426396,43.934010152284266,-9.923857868020306
2517,2017.0,RAES,F,15,23,65.21739130434783,56.04060913705584,9.17678216729199
2518,2017.0,RAES,M,8,23,34.78260869565217,43.934010152284266,-9.151401456632094
2519,2017.0,REL,F,62,95,65.26315789473685,56.04060913705584,9.222548757681011
2520,2017.0,REL,M,33,95,34.73684210526316,43.934010152284266,-9.197168047021108
2521,2017.0,RHET,F,74,116,63.793103448275865,56.04060913705584,7.752494311220026
2522,2017.0,RHET,M,42,116,36.206896551724135,43.934010152284266,-7.727113600560131
2523,2017.0,SOC,F,161,235,68.51063829787233,56.04060913705584,12.470029160816495
2524,2017.0,SOC,M,74,235,31.48936170212766,43.934010152284266,-12.444648450156606
2525,2017.0,SPAN,F,94,137,68.61313868613139,56.04060913705584,12.572529549075554
2526,2017.0,SPAN,M,43,137,31.386861313868614,43.934010152284266,-12.547148838415652
2527,2017.0,SSRA,F,381,745,51.14093959731544,56.04060913705584,-4.899669539740401
2528,2017.0,SSRA,M,364,745,48.85906040268456,43.934010152284266,4.925050250400297
2529,2017.0,THTR,F,104,152,68.42105263157895,56.04060913705584,12.380443494523107
2530,2017.0,THTR,M,48,152,31.57894736842105,43.934010152284266,-12.355062783863215
2531,2017.0,WLIT,F,7,12,58.333333333333336,56.04060913705584,2.292724196277497
2532,2017.0,WLIT,M,5,12,41.66666666666667,43.934010152284266,-2.2673434856175945
2533,2017.5,ANTH,F,78,109,71.55963302752293,57.15163430818382,14.407998719339112
2534,2017.5,ANTH,M,31,109,28.440366972477065,42.84836569181617,-14.407998719339105
2535,2017.5,ARTH,F,49,84,58.333333333333336,57.15163430818382,1.1816990251495127
2536,2017.5,ARTH,M,35,84,41.66666666666667,42.84836569181617,-1.1816990251494985
2537,2017.5,ARTS,F,156,217,71.88940092165899,57.15163430818382,14.737766613475166
2538,2017.5,ARTS,M,61,217,28.110599078341014,42.84836569181617,-14.737766613475156
2539,2017.5,ASTR,F,64,117,54.700854700854705,57.15163430818382,-2.4507796073291175
2540,2017.5,ASTR,M,53,117,45.2991452991453,42.84836569181617,2.4507796073291317
2541,2017.5,BBMB,F,61,103,59.22330097087378,57.15163430818382,2.0716666626899567
2542,2017.5,BBMB,M,42,103,40.77669902912621,42.84836569181617,-2.0716666626899567
2543,2017.5,BIOL,F,369,546,67.58241758241759,57.15163430818382,10.430783274233768
2544,2017.5,BIOL,M,177,546,32.417582417582416,42.84836569181617,-10.430783274233754
2545,2017.5,CHEM,F,367,664,55.27108433734939,57.15163430818382,-1.88054997083443
2546,2017.5,CHEM,M,297,664,44.72891566265061,42.84836569181617,1.880549970834437
2547,2017.5,CHIN,F,14,31,45.16129032258064,57.15163430818382,-11.990343985603182
2548,2017.5,CHIN,M,17,31,54.83870967741935,42.84836569181617,11.990343985603182
2549,2017.5,CLAS,F,29,51,56.86274509803921,57.15163430818382,-0.28888921014461033
2550,2017.5,CLAS,M,22,51,43.13725490196079,42.84836569181617,0.28888921014461744
2551,2017.5,COMP,F,58,115,50.43478260869565,57.15163430818382,-6.716851699488174
2552,2017.5,COMP,M,57,115,49.56521739130435,42.84836569181617,6.716851699488181
2553,2017.5,CS,F,51,164,31.097560975609756,57.15163430818382,-26.054073332574067
2554,2017.5,CS,M,113,164,68.90243902439023,42.84836569181617,26.054073332574063
2555,2017.5,DANC,F,58,84,69.04761904761905,57.15163430818382,11.895984739435228
2556,2017.5,DANC,M,26,84,30.952380952380953,42.84836569181617,-11.895984739435217
2557,2017.5,ECON,F,81,279,29.03225806451613,57.15163430818382,-28.11937624366769
2558,2017.5,ECON,M,198,279,70.96774193548387,42.84836569181617,28.119376243667702
2559,2017.5,ENGL,F,178,257,69.26070038910505,57.15163430818382,12.109066080921231
2560,2017.5,ENGL,M,79,257,30.739299610894943,42.84836569181617,-12.109066080921227
2561,2017.5,ENVS,F,149,236,63.13559322033898,57.15163430818382,5.98395891215516
2562,2017.5,ENVS,M,87,236,36.86440677966102,42.84836569181617,-5.983958912155153
2563,2017.5,FMS,F,96,177,54.23728813559322,57.15163430818382,-2.914346172590605
2564,2017.5,FMS,M,81,177,45.76271186440678,42.84836569181617,2.914346172590612
2565,2017.5,FREN,F,53,73,72.6027397260274,57.15163430818382,15.451105417843571
2566,2017.5,FREN,M,20,73,27.397260273972602,42.84836569181617,-15.451105417843568
2567,2017.5,GENS,F,231,402,57.46268656716418,57.15163430818382,0.3110522589803537
2568,2017.5,GENS,M,171,402,42.53731343283582,42.84836569181617,-0.3110522589803466
2569,2017.5,GEOL,F,205,333,61.56156156156156,57.15163430818382,4.409927253377738
2570,2017.5,GEOL,M,128,333,38.43843843843844,42.84836569181617,-4.409927253377731
2571,2017.5,GERM,F,48,89,53.93258426966292,57.15163430818382,-3.219050038520905
2572,2017.5,GERM,M,41,89,46.06741573033708,42.84836569181617,3.219050038520912
2573,2017.5,GNDS,F,28,34,82.35294117647058,57.15163430818382,25.201306868286757
2574,2017.5,GNDS,M,6,34,17.647058823529413,42.84836569181617,-25.201306868286757
2575,2017.5,HIST,F,109,235,46.38297872340426,57.15163430818382,-10.768655584779566
2576,2017.5,HIST,M,126,235,53.61702127659574,42.84836569181617,10.768655584779573
2577,2017.5,IDSC,F,21,32,65.625,57.15163430818382,8.473365691816177
2578,2017.5,IDSC,M,11,32,34.375,42.84836569181617,-8.47336569181617
2579,2017.5,JPNS,F,39,63,61.904761904761905,57.15163430818382,4.753127596578082
2580,2017.5,JPNS,M,24,63,38.095238095238095,42.84836569181617,-4.753127596578075
2581,2017.5,LAT,F,25,31,80.64516129032258,57.15163430818382,23.493526982138754
2582,2017.5,LAT,M,6,31,19.35483870967742,42.84836569181617,-23.49352698213875
2583,2017.5,LIBR,F,12,23,52.17391304347826,57.15163430818382,-4.977721264705565
2584,2017.5,LIBR,M,11,23,47.82608695652174,42.84836569181617,4.977721264705572
2585,2017.5,MATH,F,162,373,43.43163538873995,57.15163430818382,-13.719998919443874
2586,2017.5,MATH,M,211,373,56.56836461126006,42.84836569181617,13.719998919443888
2587,2017.5,MUS,F,323,636,50.786163522012586,57.15163430818382,-6.365470786171237
2588,2017.5,MUS,M,313,636,49.21383647798742,42.84836569181617,6.365470786171251
2589,2017.5,PHIL,F,59,134,44.02985074626866,57.15163430818382,-13.121783561915166
2590,2017.5,PHIL,M,75,134,55.970149253731336,42.84836569181617,13.121783561915166
2591,2017.5,PHYS,F,174,381,45.66929133858268,57.15163430818382,-11.482342969601142
2592,2017.5,PHYS,M,207,381,54.330708661417326,42.84836569181617,11.482342969601156
2593,2017.5,POL,F,117,219,53.42465753424658,57.15163430818382,-3.7269767739372455
2594,2017.5,POL,M,102,219,46.57534246575342,42.84836569181617,3.7269767739372526
2595,2017.5,PSYC,F,275,393,69.97455470737913,57.15163430818382,12.822920399195304
2596,2017.5,PSYC,M,118,393,30.025445292620866,42.84836569181617,-12.822920399195304
2597,2017.5,RAES,F,20,23,86.95652173913044,57.15163430818382,29.804887430946614
2598,2017.5,RAES,M,3,23,13.043478260869565,42.84836569181617,-29.804887430946607
2599,2017.5,REL,F,55,93,59.13978494623656,57.15163430818382,1.988150638052737
2600,2017.5,REL,M,38,93,40.86021505376344,42.84836569181617,-1.9881506380527298
2601,2017.5,RHET,F,80,152,52.63157894736842,57.15163430818382,-4.520055360815405
2602,2017.5,RHET,M,72,152,47.368421052631575,42.84836569181617,4.520055360815405
2603,2017.5,SOC,F,184,274,67.15328467153284,57.15163430818382,10.001650363349022
2604,2017.5,SOC,M,90,274,32.846715328467155,42.84836569181617,-10.001650363349015
2605,2017.5,SPAN,F,98,137,71.53284671532847,57.15163430818382,14.381212407144652
2606,2017.5,SPAN,M,39,137,28.467153284671532,42.84836569181617,-14.381212407144638
2607,2017.5,SSRA,F,360,613,58.727569331158236,57.15163430818382,1.575935022974413
2608,2017.5,SSRA,M,253,613,41.272430668841764,42.84836569181617,-1.5759350229744058
2609,2017.5,THTR,F,104,140,74.28571428571429,57.15163430818382,17.13407997753047
2610,2017.5,THTR,M,36,140,25.71428571428571,42.84836569181617,-17.134079977530458
2611,2018.0,AMES,F,6,19,31.57894736842105,56.56864004109413,-24.989692672673076
2612,2018.0,AMES,M,13,19,68.42105263157895,43.43135995890587,24.989692672673073
2613,2018.0,ANTH,F,84,122,68.85245901639344,56.56864004109413,12.283818975299312
2614,2018.0,ANTH,M,38,122,31.147540983606557,43.43135995890587,-12.283818975299315
2615,2018.0,ARTH,F,88,144,61.111111111111114,56.56864004109413,4.542471070016987
2616,2018.0,ARTH,M,56,144,38.88888888888889,43.43135995890587,-4.54247107001698
2617,2018.0,ARTS,F,154,224,68.75,56.56864004109413,12.181359958905873
2618,2018.0,ARTS,M,70,224,31.25,43.43135995890587,-12.181359958905873
2619,2018.0,ASTR,F,77,146,52.73972602739726,56.56864004109413,-3.828914013696867
2620,2018.0,ASTR,M,69,146,47.26027397260274,43.43135995890587,3.828914013696867
2621,2018.0,BBMB,F,70,135,51.85185185185185,56.56864004109413,-4.71678818924228
2622,2018.0,BBMB,M,65,135,48.148148148148145,43.43135995890587,4.716788189242273
2623,2018.0,BIOL,F,345,517,66.7311411992263,56.56864004109413,10.162501158132173
2624,2018.0,BIOL,M,172,517,33.26885880077369,43.43135995890587,-10.16250115813218
2625,2018.0,CHEM,F,256,473,54.12262156448203,56.56864004109413,-2.446018476612096
2626,2018.0,CHEM,M,217,473,45.87737843551797,43.43135995890587,2.446018476612096
2627,2018.0,CHIN,F,8,21,38.095238095238095,56.56864004109413,-18.473401945856033
2628,2018.0,CHIN,M,13,21,61.904761904761905,43.43135995890587,18.473401945856033
2629,2018.0,CLAS,F,21,38,55.26315789473685,56.56864004109413,-1.3054821463572779
2630,2018.0,CLAS,M,17,38,44.73684210526316,43.43135995890587,1.305482146357285
2631,2018.0,CS,F,43,184,23.369565217391305,56.56864004109413,-33.19907482370282
2632,2018.0,CS,M,141,184,76.63043478260869,43.43135995890587,33.199074823702816
2633,2018.0,DANC,F,49,73,67.12328767123287,56.56864004109413,10.554647630138746
2634,2018.0,DANC,M,24,73,32.87671232876712,43.43135995890587,-10.554647630138753
2635,2018.0,ECON,F,79,271,29.15129151291513,56.56864004109413,-27.417348528178998
2636,2018.0,ECON,M,192,271,70.84870848708486,43.43135995890587,27.41734852817899
2637,2018.0,ENGL,F,162,231,70.12987012987013,56.56864004109413,13.561230088776
2638,2018.0,ENGL,M,69,231,29.87012987012987,43.43135995890587,-13.561230088776004
2639,2018.0,ENVS,F,173,268,64.55223880597015,56.56864004109413,7.983598764876021
2640,2018.0,ENVS,M,95,268,35.44776119402985,43.43135995890587,-7.983598764876021
2641,2018.0,FMS,F,64,113,56.63716814159292,56.56864004109413,0.06852810049879565
2642,2018.0,FMS,M,49,113,43.36283185840708,43.43135995890587,-0.06852810049879565
2643,2018.0,FREN,F,40,59,67.79661016949152,56.56864004109413,11.227970128397388
2644,2018.0,FREN,M,19,59,32.20338983050847,43.43135995890587,-11.227970128397402
2645,2018.0,GENS,F,227,394,57.61421319796954,56.56864004109413,1.0455731568754132
2646,2018.0,GENS,M,167,394,42.38578680203046,43.43135995890587,-1.0455731568754132
2647,2018.0,GEOL,F,204,335,60.895522388059696,56.56864004109413,4.326882346965569
2648,2018.0,GEOL,M,131,335,39.1044776119403,43.43135995890587,-4.326882346965576
2649,2018.0,GERM,F,30,56,53.57142857142857,56.56864004109413,-2.997211469665558
2650,2018.0,GERM,M,26,56,46.42857142857143,43.43135995890587,2.997211469665558
2651,2018.0,GNDS,F,17,18,94.44444444444444,56.56864004109413,37.875804403350315
2652,2018.0,GNDS,M,1,18,5.555555555555555,43.43135995890587,-37.875804403350315
2653,2018.0,HIST,F,98,207,47.34299516908212,56.56864004109413,-9.225644872012005
2654,2018.0,HIST,M,109,207,52.65700483091788,43.43135995890587,9.225644872012005
2655,2018.0,IDSC,F,36,46,78.26086956521739,56.56864004109413,21.692229524123263
2656,2018.0,IDSC,M,10,46,21.73913043478261,43.43135995890587,-21.692229524123263
2657,2018.0,JPNS,F,31,48,64.58333333333334,56.56864004109413,8.014693292239215
2658,2018.0,JPNS,M,17,48,35.41666666666667,43.43135995890587,-8.014693292239201
2659,2018.0,LAT,F,12,13,92.3076923076923,56.56864004109413,35.73905226659818
2660,2018.0,LAT,M,1,13,7.6923076923076925,43.43135995890587,-35.73905226659818
2661,2018.0,MATH,F,128,285,44.91228070175438,56.56864004109413,-11.656359339339744
2662,2018.0,MATH,M,157,285,55.08771929824562,43.43135995890587,11.656359339339744
2663,2018.0,MUS,F,311,607,51.23558484349259,56.56864004109413,-5.333055197601539
2664,2018.0,MUS,M,296,607,48.76441515650741,43.43135995890587,5.333055197601539
2665,2018.0,PHIL,F,88,159,55.34591194968554,56.56864004109413,-1.222728091408591
2666,2018.0,PHIL,M,71,159,44.65408805031446,43.43135995890587,1.222728091408591
2667,2018.0,PHYS,F,136,337,40.35608308605341,56.56864004109413,-16.212556955040718
2668,2018.0,PHYS,M,201,337,59.64391691394659,43.43135995890587,16.212556955040718
2669,2018.0,POL,F,136,227,59.91189427312775,56.56864004109413,3.3432542320336225
2670,2018.0,POL,M,91,227,40.08810572687225,43.43135995890587,-3.3432542320336225
2671,2018.0,PSYC,F,287,409,70.17114914425427,56.56864004109413,13.602509103160145
2672,2018.0,PSYC,M,122,409,29.82885085574572,43.43135995890587,-13.602509103160152
2673,2018.0,RAES,F,24,35,68.57142857142857,56.56864004109413,12.002788530334442
2674,2018.0,RAES,M,11,35,31.428571428571427,43.43135995890587,-12.002788530334445
2675,2018.0,REL,F,53,95,55.78947368421052,56.56864004109413,-0.7791663568836071
2676,2018.0,REL,M,42,95,44.21052631578947,43.43135995890587,0.7791663568836
2677,2018.0,RHET,F,71,129,55.03875968992248,56.56864004109413,-1.5298803511716486
2678,2018.0,RHET,M,58,129,44.96124031007752,43.43135995890587,1.5298803511716486
2679,2018.0,SCI,F,10,13,76.92307692307693,56.56864004109413,20.354436881982807
2680,2018.0,SCI,M,3,13,23.076923076923077,43.43135995890587,-20.354436881982796
2681,2018.0,SOC,F,127,189,67.1957671957672,56.56864004109413,10.627127154673076
2682,2018.0,SOC,M,62,189,32.804232804232804,43.43135995890587,-10.627127154673069
2683,2018.0,SPAN,F,83,121,68.59504132231406,56.56864004109413,12.026401281219933
2684,2018.0,SPAN,M,38,121,31.40495867768595,43.43135995890587,-12.026401281219922
2685,2018.0,SSRA,F,447,803,55.666251556662516,56.56864004109413,-0.9023884844316115
2686,2018.0,SSRA,M,356,803,44.333748443337484,43.43135995890587,0.9023884844316115
2687,2018.0,THTR,F,117,194,60.30927835051546,56.56864004109413,3.7406383094213354
2688,2018.0,THTR,M,77,194,39.69072164948454,43.43135995890587,-3.7406383094213354
2689,2018.0,WLIT,F,7,14,50.0,56.56864004109413,-6.5686400410941275
2690,2018.0,WLIT,M,7,14,50.0,43.43135995890587,6.5686400410941275
2691,2018.5,ANTH,F,68,102,66.66666666666666,57.40693196405648,9.259734702610174
2692,2018.5,ANTH,M,34,102,33.33333333333333,42.55455712451861,-9.221223791185281
2693,2018.5,ARTH,F,67,102,65.68627450980392,57.40693196405648,8.27934254574744
2694,2018.5,ARTH,M,35,102,34.31372549019608,42.55455712451861,-8.240831634322532
2695,2018.5,ARTS,F,126,201,62.68656716417911,57.40693196405648,5.279635200122627
2696,2018.5,ARTS,M,75,201,37.3134328358209,42.55455712451861,-5.241124288697712
2697,2018.5,ASTR,F,81,127,63.77952755905512,57.40693196405648,6.372595594998636
2698,2018.5,ASTR,M,46,127,36.22047244094488,42.55455712451861,-6.334084683573728
2699,2018.5,BBMB,F,52,103,50.48543689320388,57.40693196405648,-6.9214950708526
2700,2018.5,BBMB,M,51,103,49.51456310679612,42.55455712451861,6.960005982277508
2701,2018.5,BIOL,F,340,566,60.07067137809188,57.40693196405648,2.6637394140353976
2702,2018.5,BIOL,M,226,566,39.92932862190813,42.55455712451861,-2.625228502610483
2703,2018.5,CHEM,F,336,600,56.00000000000001,57.40693196405648,-1.4069319640564757
2704,2018.5,CHEM,M,264,600,44.0,42.55455712451861,1.4454428754813904
2705,2018.5,CHIN,F,13,27,48.148148148148145,57.40693196405648,-9.258783815908338
2706,2018.5,CHIN,M,14,27,51.85185185185185,42.55455712451861,9.297294727333238
2707,2018.5,CLAS,F,21,36,58.333333333333336,57.40693196405648,0.9264013692768529
2708,2018.5,CLAS,M,15,36,41.66666666666667,42.55455712451861,-0.8878904578519382
2709,2018.5,COMP,F,81,138,58.69565217391305,57.40693196405648,1.2887202098565638
2710,2018.5,COMP,M,57,138,41.30434782608695,42.55455712451861,-1.2502092984316562
2711,2018.5,CS,F,55,181,30.386740331491712,57.40693196405648,-27.02019163256477
2712,2018.5,CS,M,126,181,69.61325966850829,42.55455712451861,27.058702543989682
2713,2018.5,DANC,F,62,87,71.26436781609196,57.40693196405648,13.85743585203548
2714,2018.5,DANC,M,25,87,28.735632183908045,42.55455712451861,-13.818924940610565
2715,2018.5,ECON,F,92,284,32.3943661971831,57.40693196405648,-25.01256576687338
2716,2018.5,ECON,M,191,284,67.25352112676056,42.55455712451861,24.69896400224195
2717,2018.5,ECON,U,1,284,0.35211267605633806,0.038510911424903725,0.31360176463143435
2718,2018.5,ENGL,F,140,220,63.63636363636363,57.40693196405648,6.22943167230715
2719,2018.5,ENGL,M,80,220,36.36363636363637,42.55455712451861,-6.190920760882243
2720,2018.5,ENVS,F,169,253,66.79841897233202,57.40693196405648,9.391487008275533
2721,2018.5,ENVS,M,84,253,33.201581027667984,42.55455712451861,-9.352976096850625
2722,2018.5,FMS,F,78,149,52.348993288590606,57.40693196405648,-5.057938675465877
2723,2018.5,FMS,M,71,149,47.651006711409394,42.55455712451861,5.096449586890785
2724,2018.5,FREN,F,34,58,58.620689655172406,57.40693196405648,1.213757691115923
2725,2018.5,FREN,M,24,58,41.37931034482759,42.55455712451861,-1.1752467796910224
2726,2018.5,GENS,F,257,435,59.08045977011495,57.40693196405648,1.6735278060584662
2727,2018.5,GENS,M,178,435,40.91954022988506,42.55455712451861,-1.6350168946335515
2728,2018.5,GEOL,F,189,297,63.63636363636363,57.40693196405648,6.22943167230715
2729,2018.5,GEOL,M,108,297,36.36363636363637,42.55455712451861,-6.190920760882243
2730,2018.5,GERM,F,41,58,70.6896551724138,57.40693196405648,13.28272320835731
2731,2018.5,GERM,M,17,58,29.310344827586203,42.55455712451861,-13.244212296932407
2732,2018.5,GNDS,F,27,36,75.0,57.40693196405648,17.593068035943517
2733,2018.5,GNDS,M,9,36,25.0,42.55455712451861,-17.55455712451861
2734,2018.5,GREK,F,11,16,68.75,57.40693196405648,11.343068035943517
2735,2018.5,GREK,M,5,16,31.25,42.55455712451861,-11.30455712451861
2736,2018.5,HIST,F,148,294,50.34013605442177,57.40693196405648,-7.066795909634713
2737,2018.5,HIST,M,145,294,49.31972789115646,42.55455712451861,6.765170766637851
2738,2018.5,HIST,U,1,294,0.3401360544217687,0.038510911424903725,0.301625142996865
2739,2018.5,IDSC,F,15,31,48.38709677419355,57.40693196405648,-9.019835189862931
2740,2018.5,IDSC,M,16,31,51.61290322580645,42.55455712451861,9.058346101287839
2741,2018.5,JPNS,F,30,64,46.875,57.40693196405648,-10.531931964056483
2742,2018.5,JPNS,M,33,64,51.5625,42.55455712451861,9.00794287548139
2743,2018.5,JPNS,U,1,64,1.5625,0.038510911424903725,1.5239890885750962
2744,2018.5,LAT,F,24,29,82.75862068965517,57.40693196405648,25.35168872559869
2745,2018.5,LAT,M,5,29,17.24137931034483,42.55455712451861,-25.31317781417378
2746,2018.5,LIBR,F,17,29,58.620689655172406,57.40693196405648,1.213757691115923
2747,2018.5,LIBR,M,12,29,41.37931034482759,42.55455712451861,-1.1752467796910224
2748,2018.5,MATH,F,183,375,48.8,57.40693196405648,-8.606931964056486
2749,2018.5,MATH,M,192,375,51.2,42.55455712451861,8.645442875481393
2750,2018.5,MUS,F,272,570,47.719298245614034,57.40693196405648,-9.687633718442449
2751,2018.5,MUS,M,298,570,52.28070175438596,42.55455712451861,9.726144629867349
2752,2018.5,PHIL,F,77,178,43.258426966292134,57.40693196405648,-14.148504997764348
2753,2018.5,PHIL,M,101,178,56.74157303370787,42.55455712451861,14.187015909189263
2754,2018.5,PHYS,F,60,158,37.9746835443038,57.40693196405648,-19.432248419752682
2755,2018.5,PHYS,M,98,158,62.0253164556962,42.55455712451861,19.47075933117759
2756,2018.5,POL,F,147,232,63.36206896551724,57.40693196405648,5.955137001460756
2757,2018.5,POL,M,85,232,36.637931034482754,42.55455712451861,-5.916626090035855
2758,2018.5,PSYC,F,270,418,64.5933014354067,57.40693196405648,7.186369471350218
2759,2018.5,PSYC,M,148,418,35.406698564593306,42.55455712451861,-7.147858559925304
2760,2018.5,RAES,F,21,26,80.76923076923077,57.40693196405648,23.36229880517429
2761,2018.5,RAES,M,5,26,19.230769230769234,42.55455712451861,-23.323787893749376
2762,2018.5,REL,F,76,118,64.40677966101694,57.40693196405648,6.999847696960458
2763,2018.5,REL,M,42,118,35.59322033898305,42.55455712451861,-6.961336785535558
2764,2018.5,RHET,F,55,89,61.79775280898876,57.40693196405648,4.3908208449322785
2765,2018.5,RHET,M,34,89,38.20224719101123,42.55455712451861,-4.352309933507378
2766,2018.5,SOC,F,199,264,75.37878787878788,57.40693196405648,17.971855914731393
2767,2018.5,SOC,M,65,264,24.62121212121212,42.55455712451861,-17.93334500330649
2768,2018.5,SPAN,F,109,141,77.30496453900709,57.40693196405648,19.898032574950605
2769,2018.5,SPAN,M,32,141,22.69503546099291,42.55455712451861,-19.8595216635257
2770,2018.5,SSRA,F,344,564,60.99290780141844,57.40693196405648,3.585975837361957
2771,2018.5,SSRA,M,220,564,39.00709219858156,42.55455712451861,-3.5474649259370494
2772,2018.5,THTR,F,77,120,64.16666666666667,57.40693196405648,6.759734702610189
2773,2018.5,THTR,M,43,120,35.833333333333336,42.55455712451861,-6.721223791185274
2774,2018.5,WLIT,F,6,12,50.0,57.40693196405648,-7.406931964056483
2775,2018.5,WLIT,M,6,12,50.0,42.55455712451861,7.44544287548139
2776,2019.0,AMES,F,7,11,63.63636363636363,56.43326592517695,7.203097711186686
2777,2019.0,AMES,M,4,11,36.36363636363637,43.40242669362993,-7.03879032999356
2778,2019.0,ANTH,F,74,115,64.34782608695652,56.43326592517695,7.914560161779569
2779,2019.0,ANTH,M,41,115,35.65217391304348,43.40242669362993,-7.75025278058645
2780,2019.0,ARTH,F,75,125,60.0,56.43326592517695,3.566734074823053
2781,2019.0,ARTH,M,50,125,40.0,43.40242669362993,-3.402426693629927
2782,2019.0,ARTS,F,145,226,64.15929203539822,56.43326592517695,7.726026110221277
2783,2019.0,ARTS,M,81,226,35.84070796460177,43.40242669362993,-7.561718729028158
2784,2019.0,ASTR,F,84,136,61.76470588235294,56.43326592517695,5.331439957175995
2785,2019.0,ASTR,M,52,136,38.23529411764706,43.40242669362993,-5.167132575982869
2786,2019.0,BBMB,F,44,87,50.57471264367817,56.43326592517695,-5.858553281498779
2787,2019.0,BBMB,M,43,87,49.42528735632184,43.40242669362993,6.022860662691912
2788,2019.0,BIOL,F,385,625,61.6,56.43326592517695,5.166734074823054
2789,2019.0,BIOL,M,240,625,38.4,43.40242669362993,-5.002426693629928
2790,2019.0,CHEM,F,288,479,60.125260960334025,56.43326592517695,3.6919950351570776
2791,2019.0,CHEM,M,191,479,39.87473903966597,43.40242669362993,-3.527687653963959
2792,2019.0,CHIN,F,13,20,65.0,56.43326592517695,8.566734074823053
2793,2019.0,CHIN,M,7,20,35.0,43.40242669362993,-8.402426693629927
2794,2019.0,CLAS,F,25,39,64.1025641025641,56.43326592517695,7.669298177387155
2795,2019.0,CLAS,M,14,39,35.8974358974359,43.40242669362993,-7.504990796194029
2796,2019.0,COMP,F,6,17,35.294117647058826,56.43326592517695,-21.13914827811812
2797,2019.0,COMP,M,11,17,64.70588235294117,43.40242669362993,21.303455659311247
2798,2019.0,CS,F,63,235,26.80851063829787,56.43326592517695,-29.624755286879076
2799,2019.0,CS,M,172,235,73.19148936170212,43.40242669362993,29.789062668072198
2800,2019.0,DANC,F,68,92,73.91304347826086,56.43326592517695,17.479777553083913
2801,2019.0,DANC,M,24,92,26.08695652173913,43.40242669362993,-17.315470171890798
2802,2019.0,ECON,F,98,291,33.67697594501718,56.43326592517695,-22.756289980159764
2803,2019.0,ECON,M,193,291,66.32302405498281,43.40242669362993,22.920597361352883
2804,2019.0,ENGL,F,129,216,59.72222222222222,56.43326592517695,3.2889562970452744
2805,2019.0,ENGL,M,87,216,40.27777777777778,43.40242669362993,-3.1246489158521484
2806,2019.0,ENVS,F,176,260,67.6923076923077,56.43326592517695,11.259041767130746
2807,2019.0,ENVS,M,84,260,32.30769230769231,43.40242669362993,-11.09473438593762
2808,2019.0,FMS,F,85,172,49.41860465116279,56.43326592517695,-7.014661274014159
2809,2019.0,FMS,M,87,172,50.58139534883721,43.40242669362993,7.178968655207285
2810,2019.0,FREN,F,36,55,65.45454545454545,56.43326592517695,9.021279529368506
2811,2019.0,FREN,M,19,55,34.54545454545455,43.40242669362993,-8.85697214817538
2812,2019.0,GENS,F,244,419,58.233890214797135,56.43326592517695,1.8006242896201883
2813,2019.0,GENS,M,175,419,41.766109785202865,43.40242669362993,-1.6363169084270623
2814,2019.0,GEOL,F,207,345,60.0,56.43326592517695,3.566734074823053
2815,2019.0,GEOL,M,138,345,40.0,43.40242669362993,-3.402426693629927
2816,2019.0,GERM,F,40,55,72.72727272727273,56.43326592517695,16.294006802095787
2817,2019.0,GERM,M,15,55,27.27272727272727,43.40242669362993,-16.129699420902657
2818,2019.0,GNDS,F,11,17,64.70588235294117,56.43326592517695,8.272616427764227
2819,2019.0,GNDS,M,6,17,35.294117647058826,43.40242669362993,-8.108309046571101
2820,2019.0,GREK,F,5,10,50.0,56.43326592517695,-6.433265925176947
2821,2019.0,GREK,M,5,10,50.0,43.40242669362993,6.597573306370073
2822,2019.0,HIST,F,83,185,44.86486486486487,56.43326592517695,-11.568401060312077
2823,2019.0,HIST,M,102,185,55.13513513513514,43.40242669362993,11.73270844150521
2824,2019.0,IDSC,F,9,16,56.25,56.43326592517695,-0.18326592517694706
2825,2019.0,IDSC,M,7,16,43.75,43.40242669362993,0.347573306370073
2826,2019.0,JPNS,F,25,51,49.01960784313725,56.43326592517695,-7.413658082039696
2827,2019.0,JPNS,M,25,51,49.01960784313725,43.40242669362993,5.617181149507324
2828,2019.0,JPNS,U,1,51,1.9607843137254901,0.16430738119312438,1.7964769325323657
2829,2019.0,LAT,F,11,17,64.70588235294117,56.43326592517695,8.272616427764227
2830,2019.0,LAT,M,6,17,35.294117647058826,43.40242669362993,-8.108309046571101
2831,2019.0,LIBR,F,9,15,60.0,56.43326592517695,3.566734074823053
2832,2019.0,LIBR,M,6,15,40.0,43.40242669362993,-3.402426693629927
2833,2019.0,MATH,F,121,266,45.48872180451128,56.43326592517695,-10.944544120665668
2834,2019.0,MATH,M,145,266,54.51127819548872,43.40242669362993,11.108851501858794
2835,2019.0,MUS,F,300,584,51.369863013698634,56.43326592517695,-5.063402911478313
2836,2019.0,MUS,M,284,584,48.63013698630137,43.40242669362993,5.227710292671446
2837,2019.0,PHIL,F,89,211,42.18009478672986,56.43326592517695,-14.253171138447087
2838,2019.0,PHIL,M,111,211,52.60663507109005,43.40242669362993,9.20420837746012
2839,2019.0,PHIL,U,11,211,5.213270142180095,0.16430738119312438,5.048962760986971
2840,2019.0,PHYS,F,114,280,40.714285714285715,56.43326592517695,-15.718980210891232
2841,2019.0,PHYS,M,166,280,59.285714285714285,43.40242669362993,15.883287592084358
2842,2019.0,POL,F,154,254,60.629921259842526,56.43326592517695,4.196655334665579
2843,2019.0,POL,M,100,254,39.37007874015748,43.40242669362993,-4.032347953472446
2844,2019.0,PSYC,F,267,405,65.92592592592592,56.43326592517695,9.492660000748977
2845,2019.0,PSYC,M,138,405,34.074074074074076,43.40242669362993,-9.32835261955585
2846,2019.0,RAES,F,29,39,74.35897435897436,56.43326592517695,17.925708433797418
2847,2019.0,RAES,M,10,39,25.64102564102564,43.40242669362993,-17.76140105260429
2848,2019.0,REL,F,77,131,58.778625954198475,56.43326592517695,2.3453600290215277
2849,2019.0,REL,M,54,131,41.221374045801525,43.40242669362993,-2.181052647828402
2850,2019.0,RHET,F,64,102,62.745098039215684,56.43326592517695,6.311832114038737
2851,2019.0,RHET,M,38,102,37.254901960784316,43.40242669362993,-6.147524732845611
2852,2019.0,SOC,F,199,296,67.22972972972973,56.43326592517695,10.79646380455278
2853,2019.0,SOC,M,96,296,32.432432432432435,43.40242669362993,-10.969994261197492
2854,2019.0,SOC,U,1,296,0.33783783783783783,0.16430738119312438,0.17353045664471345
2855,2019.0,SPAN,F,77,103,74.75728155339806,56.43326592517695,18.32401562822111
2856,2019.0,SPAN,M,26,103,25.24271844660194,43.40242669362993,-18.159708247027986
2857,2019.0,SSRA,F,405,715,56.64335664335665,56.43326592517695,0.21009071817969982
2858,2019.0,SSRA,M,310,715,43.35664335664335,43.40242669362993,-0.045783336986573886
2859,2019.0,THTR,F,120,185,64.86486486486487,56.43326592517695,8.431598939687923
2860,2019.0,THTR,M,65,185,35.13513513513514,43.40242669362993,-8.26729155849479
2861,2019.5,ANTH,F,100,134,74.6268656716418,56.75231725918104,17.874548412460754
2862,2019.5,ANTH,M,34,134,25.37313432835821,42.98955766748798,-17.61642333912977
2863,2019.5,ARTH,F,87,134,64.92537313432835,56.75231725918104,8.173055875147313
2864,2019.5,ARTH,M,47,134,35.07462686567165,42.98955766748798,-7.9149308018163325
2865,2019.5,ARTS,F,119,191,62.30366492146597,56.75231725918104,5.5513476622849325
2866,2019.5,ARTS,M,72,191,37.696335078534034,42.98955766748798,-5.293222588953945
2867,2019.5,ASTR,F,75,147,51.02040816326531,56.75231725918104,-5.731909095915732
2868,2019.5,ASTR,M,72,147,48.97959183673469,42.98955766748798,5.990034169246712
2869,2019.5,BBMB,F,66,114,57.89473684210527,56.75231725918104,1.1424195829242265
2870,2019.5,BBMB,M,48,114,42.10526315789473,42.98955766748798,-0.8842945095932464
2871,2019.5,BIOL,F,332,548,60.58394160583942,56.75231725918104,3.83162434665838
2872,2019.5,BIOL,M,216,548,39.416058394160586,42.98955766748798,-3.5734992733273927
2873,2019.5,CHEM,F,388,648,59.876543209876544,56.75231725918104,3.1242259506955037
2874,2019.5,CHEM,M,260,648,40.123456790123456,42.98955766748798,-2.8661008773645236
2875,2019.5,CHIN,F,16,31,51.61290322580645,56.75231725918104,-5.139414033374592
2876,2019.5,CHIN,M,15,31,48.38709677419355,42.98955766748798,5.3975391067055725
2877,2019.5,CLAS,F,23,36,63.888888888888886,56.75231725918104,7.136571629707845
2878,2019.5,CLAS,M,13,36,36.11111111111111,42.98955766748798,-6.878446556376872
2879,2019.5,CS,F,61,189,32.27513227513227,56.75231725918104,-24.47718498404877
2880,2019.5,CS,M,128,189,67.72486772486772,42.98955766748798,24.735310057379742
2881,2019.5,DANC,F,57,90,63.33333333333333,56.75231725918104,6.581016074152288
2882,2019.5,DANC,M,33,90,36.666666666666664,42.98955766748798,-6.322891000821315
2883,2019.5,ECON,F,100,305,32.78688524590164,56.75231725918104,-23.965432013279404
2884,2019.5,ECON,M,205,305,67.21311475409836,42.98955766748798,24.223557086610377
2885,2019.5,ENGL,F,173,245,70.61224489795919,56.75231725918104,13.859927638778146
2886,2019.5,ENGL,M,72,245,29.38775510204082,42.98955766748798,-13.601802565447159
2887,2019.5,ENVS,F,179,289,61.93771626297578,56.75231725918104,5.185399003794743
2888,2019.5,ENVS,M,110,289,38.062283737024224,42.98955766748798,-4.927273930463755
2889,2019.5,FMS,F,70,123,56.91056910569105,56.75231725918104,0.15825184651001223
2890,2019.5,FMS,M,53,123,43.08943089430895,42.98955766748798,0.09987322682096789
2891,2019.5,FREN,F,50,68,73.52941176470588,56.75231725918104,16.777094505524843
2892,2019.5,FREN,M,18,68,26.47058823529412,42.98955766748798,-16.51896943219386
2893,2019.5,GENS,F,247,436,56.65137614678899,56.75231725918104,-0.10094111239205006
2894,2019.5,GENS,M,189,436,43.34862385321101,42.98955766748798,0.3590661857230302
2895,2019.5,GEOL,F,183,342,53.50877192982456,56.75231725918104,-3.243545329356479
2896,2019.5,GEOL,M,159,342,46.49122807017544,42.98955766748798,3.501670402687459
2897,2019.5,GERM,F,29,56,51.78571428571429,56.75231725918104,-4.966602973466749
2898,2019.5,GERM,M,27,56,48.214285714285715,42.98955766748798,5.224728046797736
2899,2019.5,GLIT,F,12,24,50.0,56.75231725918104,-6.752317259181041
2900,2019.5,GLIT,M,12,24,50.0,42.98955766748798,7.010442332512021
2901,2019.5,GNDS,F,32,38,84.21052631578947,56.75231725918104,27.458209056608425
2902,2019.5,GNDS,M,6,38,15.789473684210526,42.98955766748798,-27.20008398327745
2903,2019.5,HISP,F,116,177,65.5367231638418,56.75231725918104,8.784405904660758
2904,2019.5,HISP,M,61,177,34.463276836158194,42.98955766748798,-8.526280831329785
2905,2019.5,HIST,F,90,208,43.269230769230774,56.75231725918104,-13.483086489950267
2906,2019.5,HIST,M,118,208,56.730769230769226,42.98955766748798,13.741211563281247
2907,2019.5,IDSC,F,36,62,58.06451612903226,56.75231725918104,1.3121988698512226
2908,2019.5,IDSC,M,26,62,41.935483870967744,42.98955766748798,-1.0540737965202354
2909,2019.5,JPNS,F,36,70,51.42857142857142,56.75231725918104,-5.323745830609617
2910,2019.5,JPNS,M,34,70,48.57142857142857,42.98955766748798,5.58187090394059
2911,2019.5,LAT,F,13,21,61.904761904761905,56.75231725918104,5.152444645580864
2912,2019.5,LAT,M,8,21,38.095238095238095,42.98955766748798,-4.894319572249884
2913,2019.5,LIBR,F,16,30,53.333333333333336,56.75231725918104,-3.418983925847705
2914,2019.5,LIBR,M,14,30,46.666666666666664,42.98955766748798,3.677108999178685
2915,2019.5,MATH,F,168,381,44.09448818897638,56.75231725918104,-12.657829070204663
2916,2019.5,MATH,M,212,381,55.643044619422575,42.98955766748798,12.653486951934596
2917,2019.5,MATH,U,1,381,0.26246719160104987,0.2581250733309867,0.0043421182700631444
2918,2019.5,MUS,F,324,663,48.86877828054298,56.75231725918104,-7.883538978638057
2919,2019.5,MUS,M,338,663,50.98039215686274,42.98955766748798,7.9908344893747625
2920,2019.5,MUS,U,1,663,0.1508295625942685,0.2581250733309867,-0.10729551073671822
2921,2019.5,PHIL,F,100,201,49.75124378109453,56.75231725918104,-7.001073478086511
2922,2019.5,PHIL,M,89,201,44.27860696517413,42.98955766748798,1.289049297686148
2923,2019.5,PHIL,U,12,201,5.970149253731343,0.2581250733309867,5.712024180400356
2924,2019.5,PHYS,F,108,256,42.1875,56.75231725918104,-14.56481725918104
2925,2019.5,PHYS,M,148,256,57.8125,42.98955766748798,14.82294233251202
2926,2019.5,POL,F,134,215,62.32558139534884,56.75231725918104,5.573264136167801
2927,2019.5,POL,M,81,215,37.67441860465116,42.98955766748798,-5.3151390628368205
2928,2019.5,PSYC,F,313,470,66.59574468085107,56.75231725918104,9.843427421670029
2929,2019.5,PSYC,M,157,470,33.40425531914894,42.98955766748798,-9.585302348339042
2930,2019.5,RAES,F,29,42,69.04761904761905,56.75231725918104,12.29530178843801
2931,2019.5,RAES,M,13,42,30.952380952380953,42.98955766748798,-12.037176715107027
2932,2019.5,REL,F,77,136,56.61764705882353,56.75231725918104,-0.13467020035751176
2933,2019.5,REL,M,59,136,43.38235294117647,42.98955766748798,0.3927952736884919
2934,2019.5,RWPD,F,122,213,57.27699530516433,56.75231725918104,0.5246780459832863
2935,2019.5,RWPD,M,91,213,42.72300469483568,42.98955766748798,-0.26655297265229905
2936,2019.5,SCI,F,8,12,66.66666666666666,56.75231725918104,9.914349407485616
2937,2019.5,SCI,M,4,12,33.33333333333333,42.98955766748798,-9.65622433415465
2938,2019.5,SOC,F,295,437,67.50572082379863,56.75231725918104,10.753403564617585
2939,2019.5,SOC,M,134,437,30.663615560640732,42.98955766748798,-12.325942106847247
2940,2019.5,SOC,U,8,437,1.8306636155606408,0.2581250733309867,1.572538542229654
2941,2019.5,SSRA,F,337,584,57.705479452054796,56.75231725918104,0.953162192873755
2942,2019.5,SSRA,M,247,584,42.29452054794521,42.98955766748798,-0.6950371195427678
2943,2019.5,THTR,F,112,148,75.67567567567568,56.75231725918104,18.923358416494636
2944,2019.5,THTR,M,36,148,24.324324324324326,42.98955766748798,-18.665233343163653
2945,2020.0,ANTH,F,55,94,58.51063829787234,55.99003735990037,2.5206009379719703
2946,2020.0,ANTH,M,39,94,41.48936170212766,43.79825653798257,-2.3088948358549075
2947,2020.0,ARTH,F,69,112,61.60714285714286,55.99003735990037,5.617105497242491
2948,2020.0,ARTH,M,43,112,38.392857142857146,43.79825653798257,-5.405399395125421
2949,2020.0,ARTS,F,142,224,63.39285714285714,55.99003735990037,7.402819782956769
2950,2020.0,ARTS,M,82,224,36.607142857142854,43.79825653798257,-7.191113680839713
2951,2020.0,ASTR,F,58,142,40.845070422535215,55.99003735990037,-15.144966937365155
2952,2020.0,ASTR,M,84,142,59.154929577464785,43.79825653798257,15.356673039482217
2953,2020.0,BBMB,F,45,90,50.0,55.99003735990037,-5.99003735990037
2954,2020.0,BBMB,M,45,90,50.0,43.79825653798257,6.201743462017433
2955,2020.0,BIOL,F,404,664,60.8433734939759,55.99003735990037,4.853336134075533
2956,2020.0,BIOL,M,260,664,39.1566265060241,43.79825653798257,-4.641630031958471
2957,2020.0,CHEM,F,280,475,58.94736842105262,55.99003735990037,2.957331061152253
2958,2020.0,CHEM,M,195,475,41.05263157894737,43.79825653798257,-2.7456249590351973
2959,2020.0,CHIN,F,19,41,46.34146341463415,55.99003735990037,-9.648573945266222
2960,2020.0,CHIN,M,22,41,53.65853658536586,43.79825653798257,9.860280047383291
2961,2020.0,CLAS,F,21,38,55.26315789473685,55.99003735990037,-0.7268794651635204
2962,2020.0,CLAS,M,17,38,44.73684210526316,43.79825653798257,0.9385855672805903
2963,2020.0,CS,F,72,228,31.57894736842105,55.99003735990037,-24.41108999147932
2964,2020.0,CS,M,156,228,68.42105263157895,43.79825653798257,24.622796093596378
2965,2020.0,DANC,F,71,102,69.6078431372549,55.99003735990037,13.617805777354533
2966,2020.0,DANC,M,31,102,30.392156862745097,43.79825653798257,-13.40609967523747
2967,2020.0,ECON,F,87,270,32.22222222222222,55.99003735990037,-23.76781513767815
2968,2020.0,ECON,M,183,270,67.77777777777779,43.79825653798257,23.97952123979522
2969,2020.0,ENGL,F,144,217,66.3594470046083,55.99003735990037,10.369409644707929
2970,2020.0,ENGL,M,73,217,33.6405529953917,43.79825653798257,-10.157703542590866
2971,2020.0,ENVS,F,132,213,61.97183098591549,55.99003735990037,5.9817936260151185
2972,2020.0,ENVS,M,81,213,38.028169014084504,43.79825653798257,-5.770087523898063
2973,2020.0,FMS,F,95,175,54.285714285714285,55.99003735990037,-1.7043230741860853
2974,2020.0,FMS,M,80,175,45.714285714285715,43.79825653798257,1.916029176303148
2975,2020.0,FREN,F,32,46,69.56521739130434,55.99003735990037,13.575180031403974
2976,2020.0,FREN,M,14,46,30.434782608695656,43.79825653798257,-13.363473929286911
2977,2020.0,GENS,F,243,423,57.446808510638306,55.99003735990037,1.4567711507379357
2978,2020.0,GENS,M,180,423,42.5531914893617,43.79825653798257,-1.2450650486208659
2979,2020.0,GEOL,F,147,273,53.84615384615385,55.99003735990037,-2.1438835137465233
2980,2020.0,GEOL,M,126,273,46.15384615384615,43.79825653798257,2.355589615863586
2981,2020.0,GERM,F,26,45,57.77777777777777,55.99003735990037,1.7877404178774015
2982,2020.0,GERM,M,19,45,42.22222222222222,43.79825653798257,-1.5760343157603458
2983,2020.0,GLIT,F,7,12,58.333333333333336,55.99003735990037,2.3432959734329657
2984,2020.0,GLIT,M,5,12,41.66666666666667,43.79825653798257,-2.131589871315896
2985,2020.0,GNDS,F,32,43,74.4186046511628,55.99003735990037,18.428567291262425
2986,2020.0,GNDS,M,11,43,25.581395348837212,43.79825653798257,-18.216861189145355
2987,2020.0,HISP,F,77,114,67.54385964912281,55.99003735990037,11.553822289222438
2988,2020.0,HISP,M,37,114,32.45614035087719,43.79825653798257,-11.342116187105376
2989,2020.0,HIST,F,94,201,46.766169154228855,55.99003735990037,-9.223868205671515
2990,2020.0,HIST,M,107,201,53.233830845771145,43.79825653798257,9.435574307788578
2991,2020.0,IDSC,F,86,131,65.64885496183206,55.99003735990037,9.658817601931688
2992,2020.0,IDSC,M,45,131,34.35114503816794,43.79825653798257,-9.447111499814625
2993,2020.0,JPNS,F,26,50,52.0,55.99003735990037,-3.99003735990037
2994,2020.0,JPNS,M,24,50,48.0,43.79825653798257,4.201743462017433
2995,2020.0,LAT,F,9,13,69.23076923076923,55.99003735990037,13.240731870868856
2996,2020.0,LAT,M,4,13,30.76923076923077,43.79825653798257,-13.029025768751797
2997,2020.0,LIBR,F,16,25,64.0,55.99003735990037,8.00996264009963
2998,2020.0,LIBR,M,9,25,36.0,43.79825653798257,-7.798256537982567
2999,2020.0,MATH,F,135,310,43.54838709677419,55.99003735990037,-12.441650263126178
3000,2020.0,MATH,M,175,310,56.451612903225815,43.79825653798257,12.653356365243248
3001,2020.0,MUS,F,292,612,47.712418300653596,55.99003735990037,-8.277619059246774
3002,2020.0,MUS,M,320,612,52.28758169934641,43.79825653798257,8.489325161363844
3003,2020.0,PHIL,F,81,174,46.55172413793103,55.99003735990037,-9.438313221969338
3004,2020.0,PHIL,M,93,174,53.44827586206896,43.79825653798257,9.650019324086394
3005,2020.0,PHYS,F,148,306,48.36601307189542,55.99003735990037,-7.6240242880049465
3006,2020.0,PHYS,M,158,306,51.633986928104584,43.79825653798257,7.835730390122016
3007,2020.0,POL,F,159,250,63.6,55.99003735990037,7.609962640099631
3008,2020.0,POL,M,81,250,32.4,43.79825653798257,-11.398256537982569
3009,2020.0,POL,U,10,250,4.0,0.21170610211706103,3.788293897882939
3010,2020.0,PSYC,F,298,456,65.35087719298247,55.99003735990037,9.360839833082096
3011,2020.0,PSYC,M,158,456,34.64912280701755,43.79825653798257,-9.14913373096502
3012,2020.0,RAES,F,13,27,48.148148148148145,55.99003735990037,-7.841889211752225
3013,2020.0,RAES,M,14,27,51.85185185185185,43.79825653798257,8.05359531386928
3014,2020.0,REL,F,84,150,56.00000000000001,55.99003735990037,0.009962640099637099
3015,2020.0,REL,M,66,150,44.0,43.79825653798257,0.20174346201743276
3016,2020.0,RWPD,F,83,136,61.029411764705884,55.99003735990037,5.039374404805514
3017,2020.0,RWPD,M,46,136,33.82352941176471,43.79825653798257,-9.974727126217857
3018,2020.0,RWPD,U,7,136,5.147058823529411,0.21170610211706103,4.93535272141235
3019,2020.0,SOC,F,211,317,66.5615141955836,55.99003735990037,10.571476835683228
3020,2020.0,SOC,M,106,317,33.4384858044164,43.79825653798257,-10.359770733566165
3021,2020.0,SSRA,F,406,691,58.75542691751085,55.99003735990037,2.765389557610483
3022,2020.0,SSRA,M,285,691,41.24457308248915,43.79825653798257,-2.5536834554934202
3023,2020.0,THTR,F,94,133,70.67669172932331,55.99003735990037,14.68665436942294
3024,2020.0,THTR,M,39,133,29.32330827067669,43.79825653798257,-14.474948267305876
3025,2020.5,AMES,F,10,15,66.66666666666666,58.65593062867761,8.010736037989048
3026,2020.5,AMES,M,5,15,33.33333333333333,41.266646020439765,-7.933312687106437
3027,2020.5,ANTH,F,84,123,68.29268292682927,58.65593062867761,9.636752298151663
3028,2020.5,ANTH,M,39,123,31.70731707317073,41.266646020439765,-9.559328947269034
3029,2020.5,ARTH,F,66,93,70.96774193548387,58.65593062867761,12.311811306806263
3030,2020.5,ARTH,M,27,93,29.03225806451613,41.266646020439765,-12.234387955923633
3031,2020.5,ARTS,F,95,137,69.34306569343066,58.65593062867761,10.68713506475305
3032,2020.5,ARTS,M,42,137,30.656934306569344,41.266646020439765,-10.609711713870421
3033,2020.5,ASTR,F,95,184,51.63043478260869,58.65593062867761,-7.025495846068921
3034,2020.5,ASTR,M,89,184,48.369565217391305,41.266646020439765,7.1029191969515395
3035,2020.5,BBMB,F,61,132,46.21212121212121,58.65593062867761,-12.443809416556398
3036,2020.5,BBMB,M,71,132,53.78787878787878,41.266646020439765,12.521232767439017
3037,2020.5,BIOL,F,285,435,65.51724137931035,58.65593062867761,6.8613107506327395
3038,2020.5,BIOL,M,150,435,34.48275862068966,41.266646020439765,-6.783887399750107
3039,2020.5,CHEM,F,284,448,63.39285714285714,58.65593062867761,4.73692651417953
3040,2020.5,CHEM,M,164,448,36.607142857142854,41.266646020439765,-4.659503163296911
3041,2020.5,CHIN,F,20,33,60.60606060606061,58.65593062867761,1.9501299773829999
3042,2020.5,CHIN,M,12,33,36.36363636363637,41.266646020439765,-4.903009656803398
3043,2020.5,CHIN,U,1,33,3.0303030303030303,0.0774233508826262,2.952879679420404
3044,2020.5,CLAS,F,13,16,81.25,58.65593062867761,22.59406937132239
3045,2020.5,CLAS,M,3,16,18.75,41.266646020439765,-22.516646020439765
3046,2020.5,CS,F,46,174,26.436781609195403,58.65593062867761,-32.2191490194822
3047,2020.5,CS,M,128,174,73.5632183908046,41.266646020439765,32.29657237036483
3048,2020.5,ECON,F,114,297,38.38383838383838,58.65593062867761,-20.27209224483923
3049,2020.5,ECON,M,183,297,61.61616161616161,41.266646020439765,20.349515595721847
3050,2020.5,ENGL,F,151,233,64.8068669527897,58.65593062867761,6.150936324112095
3051,2020.5,ENGL,M,82,233,35.1931330472103,41.266646020439765,-6.073512973229462
3052,2020.5,ENVS,F,111,179,62.01117318435754,58.65593062867761,3.3552425556799292
3053,2020.5,ENVS,M,68,179,37.988826815642454,41.266646020439765,-3.2778192047973107
3054,2020.5,FMS,F,94,158,59.49367088607595,58.65593062867761,0.8377402573983375
3055,2020.5,FMS,M,64,158,40.50632911392405,41.266646020439765,-0.7603169065157118
3056,2020.5,FREN,F,34,48,70.83333333333334,58.65593062867761,12.177402704655734
3057,2020.5,FREN,M,14,48,29.166666666666668,41.266646020439765,-12.099979353773097
3058,2020.5,GENS,F,182,306,59.47712418300654,58.65593062867761,0.8211935543289286
3059,2020.5,GENS,M,124,306,40.52287581699346,41.266646020439765,-0.743770203446303
3060,2020.5,GEOL,F,149,242,61.57024793388429,58.65593062867761,2.91431730520668
3061,2020.5,GEOL,M,93,242,38.429752066115704,41.266646020439765,-2.8368939543240614
3062,2020.5,GERM,F,30,53,56.60377358490566,58.65593062867761,-2.052157043771949
3063,2020.5,GERM,M,23,53,43.39622641509434,41.266646020439765,2.1295803946545746
3064,2020.5,GLIT,F,18,25,72.0,58.65593062867761,13.34406937132239
3065,2020.5,GLIT,M,7,25,28.000000000000004,41.266646020439765,-13.266646020439762
3066,2020.5,GNDS,F,30,33,90.9090909090909,58.65593062867761,32.2531602804133
3067,2020.5,GNDS,M,3,33,9.090909090909092,41.266646020439765,-32.17573692953067
3068,2020.5,GREK,F,5,12,41.66666666666667,58.65593062867761,-16.989263962010938
3069,2020.5,GREK,M,6,12,50.0,41.266646020439765,8.733353979560235
3070,2020.5,GREK,U,1,12,8.333333333333332,0.0774233508826262,8.255909982450707
3071,2020.5,HISP,F,87,115,75.65217391304347,58.65593062867761,16.99624328436586
3072,2020.5,HISP,M,28,115,24.347826086956523,41.266646020439765,-16.918819933483242
3073,2020.5,HIST,F,111,213,52.112676056338024,58.65593062867761,-6.543254572339585
3074,2020.5,HIST,M,102,213,47.88732394366197,41.266646020439765,6.620677923222203
3075,2020.5,IDSC,F,59,83,71.08433734939759,58.65593062867761,12.428406720719977
3076,2020.5,IDSC,M,24,83,28.915662650602407,41.266646020439765,-12.350983369837358
3077,2020.5,JPNS,F,31,57,54.385964912280706,58.65593062867761,-4.269965716396904
3078,2020.5,JPNS,M,25,57,43.859649122807014,41.266646020439765,2.5930031023672484
3079,2020.5,JPNS,U,1,57,1.7543859649122806,0.0774233508826262,1.6769626140296543
3080,2020.5,LAT,F,12,26,46.15384615384615,58.65593062867761,-12.502084474831456
3081,2020.5,LAT,M,13,26,50.0,41.266646020439765,8.733353979560235
3082,2020.5,LAT,U,1,26,3.8461538461538463,0.0774233508826262,3.76873049527122
3083,2020.5,MATH,F,136,311,43.729903536977496,58.65593062867761,-14.926027091700114
3084,2020.5,MATH,M,175,311,56.27009646302251,41.266646020439765,15.003450442582746
3085,2020.5,MUS,F,190,369,51.490514905149055,58.65593062867761,-7.165415723528554
3086,2020.5,MUS,M,179,369,48.509485094850945,41.266646020439765,7.2428390744111795
3087,2020.5,PHIL,F,93,178,52.24719101123596,58.65593062867761,-6.408739617441647
3088,2020.5,PHIL,M,85,178,47.752808988764045,41.266646020439765,6.48616296832428
3089,2020.5,PHYS,F,103,201,51.243781094527364,58.65593062867761,-7.412149534150245
3090,2020.5,PHYS,M,97,201,48.258706467661696,41.266646020439765,6.992060447221931
3091,2020.5,PHYS,U,1,201,0.4975124378109453,0.0774233508826262,0.4200890869283191
3092,2020.5,POL,F,152,223,68.16143497757847,58.65593062867761,9.505504348900857
3093,2020.5,POL,M,71,223,31.838565022421523,41.266646020439765,-9.428080998018242
3094,2020.5,PSYC,F,273,412,66.2621359223301,58.65593062867761,7.6062052936524935
3095,2020.5,PSYC,M,139,412,33.737864077669904,41.266646020439765,-7.528781942769861
3096,2020.5,RAES,F,17,27,62.96296296296296,58.65593062867761,4.307032334285353
3097,2020.5,RAES,M,10,27,37.03703703703704,41.266646020439765,-4.229608983402727
3098,2020.5,REL,F,52,97,53.608247422680414,58.65593062867761,-5.047683205997195
3099,2020.5,REL,M,45,97,46.391752577319586,41.266646020439765,5.125106556879821
3100,2020.5,RWPD,F,135,223,60.53811659192825,58.65593062867761,1.8821859632506417
3101,2020.5,RWPD,M,88,223,39.46188340807175,41.266646020439765,-1.804762612368016
3102,2020.5,SOC,F,191,267,71.53558052434457,58.65593062867761,12.879649895666958
3103,2020.5,SOC,M,76,267,28.46441947565543,41.266646020439765,-12.802226544784336
3104,2020.5,SSRA,F,102,181,56.353591160220994,58.65593062867761,-2.3023394684566156
3105,2020.5,SSRA,M,79,181,43.646408839779006,41.266646020439765,2.3797628193392413
3106,2020.5,THDN,F,67,99,67.67676767676768,58.65593062867761,9.020837048090073
3107,2020.5,THDN,M,32,99,32.323232323232325,41.266646020439765,-8.94341369720744
3108,2021.0,ANTH,F,103,141,73.04964539007092,58.73723572558609,14.312409664484832
3109,2021.0,ANTH,M,37,141,26.24113475177305,41.1764705882353,-14.935335836462247
3110,2021.0,ANTH,U,1,141,0.7092198581560284,0.08629368617862793,0.6229261719774004
3111,2021.0,ARTH,F,58,109,53.21100917431193,58.73723572558609,-5.526226551274156
3112,2021.0,ARTH,M,51,109,46.788990825688074,41.1764705882353,5.612520237452777
3113,2021.0,ARTS,F,158,221,71.49321266968326,58.73723572558609,12.75597694409717
3114,2021.0,ARTS,M,63,221,28.50678733031674,41.1764705882353,-12.669683257918557
3115,2021.0,ASTR,F,79,155,50.967741935483865,58.73723572558609,-7.769493790102224
3116,2021.0,ASTR,M,76,155,49.03225806451613,41.1764705882353,7.855787476280831
3117,2021.0,BBMB,F,39,82,47.5609756097561,58.73723572558609,-11.17626011582999
3118,2021.0,BBMB,M,43,82,52.4390243902439,41.1764705882353,11.262553802008604
3119,2021.0,BIOL,F,326,501,65.06986027944112,58.73723572558609,6.332624553855027
3120,2021.0,BIOL,M,175,501,34.930139720558884,41.1764705882353,-6.246330867676413
3121,2021.0,CHEM,F,232,379,61.21372031662269,58.73723572558609,2.476484591036602
3122,2021.0,CHEM,M,147,379,38.78627968337731,41.1764705882353,-2.390190904857988
3123,2021.0,CHIN,F,11,21,52.38095238095239,58.73723572558609,-6.356283344633702
3124,2021.0,CHIN,M,10,21,47.61904761904761,41.1764705882353,6.442577030812316
3125,2021.0,CLAS,F,21,45,46.666666666666664,58.73723572558609,-12.070569058919425
3126,2021.0,CLAS,M,24,45,53.333333333333336,41.1764705882353,12.156862745098039
3127,2021.0,CS,F,62,228,27.192982456140353,58.73723572558609,-31.544253269445736
3128,2021.0,CS,M,166,228,72.80701754385966,41.1764705882353,31.63054695562436
3129,2021.0,ECON,F,89,243,36.62551440329218,58.73723572558609,-22.11172132229391
3130,2021.0,ECON,M,153,243,62.96296296296296,41.1764705882353,21.786492374727665
3131,2021.0,ECON,U,1,243,0.411522633744856,0.08629368617862793,0.32522894756622805
3132,2021.0,ENGL,F,142,208,68.26923076923077,58.73723572558609,9.531995043644685
3133,2021.0,ENGL,M,66,208,31.73076923076923,41.1764705882353,-9.445701357466067
3134,2021.0,ENVS,F,186,287,64.80836236933798,58.73723572558609,6.071126643751896
3135,2021.0,ENVS,M,101,287,35.19163763066202,41.1764705882353,-5.984832957573275
3136,2021.0,FMS,F,90,165,54.54545454545454,58.73723572558609,-4.191781180131549
3137,2021.0,FMS,M,75,165,45.45454545454545,41.1764705882353,4.278074866310156
3138,2021.0,FREN,F,39,51,76.47058823529412,58.73723572558609,17.733352509708027
3139,2021.0,FREN,M,12,51,23.52941176470588,41.1764705882353,-17.647058823529417
3140,2021.0,GENS,F,184,309,59.54692556634305,58.73723572558609,0.8096898407569597
3141,2021.0,GENS,M,125,309,40.45307443365696,41.1764705882353,-0.7233961545783387
3142,2021.0,GEOL,F,102,179,56.98324022346368,58.73723572558609,-1.7539955021224074
3143,2021.0,GEOL,M,77,179,43.01675977653631,41.1764705882353,1.8402891883010142
3144,2021.0,GERM,F,23,40,57.49999999999999,58.73723572558609,-1.2372357255860962
3145,2021.0,GERM,M,17,40,42.5,41.1764705882353,1.323529411764703
3146,2021.0,GLIT,F,7,15,46.666666666666664,58.73723572558609,-12.070569058919425
3147,2021.0,GLIT,M,8,15,53.333333333333336,41.1764705882353,12.156862745098039
3148,2021.0,GNDS,F,26,34,76.47058823529412,58.73723572558609,17.733352509708027
3149,2021.0,GNDS,M,8,34,23.52941176470588,41.1764705882353,-17.647058823529417
3150,2021.0,HISP,F,53,85,62.35294117647059,58.73723572558609,3.615705450884498
3151,2021.0,HISP,M,31,85,36.470588235294116,41.1764705882353,-4.705882352941181
3152,2021.0,HISP,U,1,85,1.1764705882352942,0.08629368617862793,1.0901769020566663
3153,2021.0,HIST,F,141,251,56.17529880478087,58.73723572558609,-2.5619369208052163
3154,2021.0,HIST,M,110,251,43.82470119521912,41.1764705882353,2.648230606983823
3155,2021.0,IDSC,F,19,25,76.0,58.73723572558609,17.26276427441391
3156,2021.0,IDSC,M,6,25,24.0,41.1764705882353,-17.176470588235297
3157,2021.0,JPNS,F,26,40,65.0,58.73723572558609,6.262764274413911
3158,2021.0,JPNS,M,13,40,32.5,41.1764705882353,-8.676470588235297
3159,2021.0,JPNS,U,1,40,2.5,0.08629368617862793,2.413706313821372
3160,2021.0,LAT,F,7,13,53.84615384615385,58.73723572558609,-4.891081879432242
3161,2021.0,LAT,M,5,13,38.46153846153847,41.1764705882353,-2.71493212669683
3162,2021.0,LAT,U,1,13,7.6923076923076925,0.08629368617862793,7.606014006129064
3163,2021.0,LIBR,F,5,11,45.45454545454545,58.73723572558609,-13.282690271040636
3164,2021.0,LIBR,M,6,11,54.54545454545454,41.1764705882353,13.368983957219243
3165,2021.0,MATH,F,130,279,46.59498207885305,58.73723572558609,-12.142253646733039
3166,2021.0,MATH,M,149,279,53.40501792114696,41.1764705882353,12.22854733291166
3167,2021.0,MUS,F,239,470,50.851063829787236,58.73723572558609,-7.886171895798853
3168,2021.0,MUS,M,231,470,49.148936170212764,41.1764705882353,7.972465581977467
3169,2021.0,PHIL,F,91,165,55.15151515151515,58.73723572558609,-3.5857205740709404
3170,2021.0,PHIL,M,74,165,44.84848484848485,41.1764705882353,3.6720142602495542
3171,2021.0,PHYS,F,125,236,52.96610169491526,58.73723572558609,-5.771134030670829
3172,2021.0,PHYS,M,111,236,47.03389830508475,41.1764705882353,5.85742771684945
3173,2021.0,POL,F,127,219,57.99086757990868,58.73723572558609,-0.7463681456774083
3174,2021.0,POL,M,92,219,42.00913242009132,41.1764705882353,0.8326618318560222
3175,2021.0,PSYC,F,353,516,68.4108527131783,58.73723572558609,9.673616987592212
3176,2021.0,PSYC,M,163,516,31.589147286821706,41.1764705882353,-9.58732330141359
3177,2021.0,RAES,F,14,23,60.86956521739131,58.73723572558609,2.1323294918052227
3178,2021.0,RAES,M,9,23,39.130434782608695,41.1764705882353,-2.0460358056266017
3179,2021.0,REL,F,64,90,71.11111111111111,58.73723572558609,12.373875385525025
3180,2021.0,REL,M,26,90,28.888888888888886,41.1764705882353,-12.287581699346411
3181,2021.0,RWPD,F,92,141,65.24822695035462,58.73723572558609,6.5109912247685315
3182,2021.0,RWPD,M,49,141,34.751773049645394,41.1764705882353,-6.4246975385899034
3183,2021.0,SOC,F,166,235,70.63829787234043,58.73723572558609,11.901062146754342
3184,2021.0,SOC,M,69,235,29.361702127659573,41.1764705882353,-11.814768460575724
3185,2021.0,SSRA,F,355,605,58.67768595041323,58.73723572558609,-0.05954977517286153
3186,2021.0,SSRA,M,250,605,41.32231404958678,41.1764705882353,0.14584346135148252
3187,2021.0,THDN,F,90,117,76.92307692307693,58.73723572558609,18.185841197490845
3188,2021.0,THDN,M,27,117,23.076923076923077,41.1764705882353,-18.09954751131222
3189,2021.5,ANTH,F,81,115,70.43478260869566,56.87867049856304,13.556112110132617
3190,2021.5,ANTH,M,34,115,29.565217391304348,43.07134824440835,-13.506130853104
3191,2021.5,ARTH,F,73,110,66.36363636363637,56.87867049856304,9.484965865073335
3192,2021.5,ARTH,M,37,110,33.63636363636363,43.07134824440835,-9.434984608044715
3193,2021.5,ARTS,F,133,191,69.63350785340315,56.87867049856304,12.754837354840106
3194,2021.5,ARTS,M,58,191,30.36649214659686,43.07134824440835,-12.70485609781149
3195,2021.5,ASTR,F,70,156,44.871794871794876,56.87867049856304,-12.006875626768164
3196,2021.5,ASTR,M,86,156,55.12820512820513,43.07134824440835,12.056856883796783
3197,2021.5,BBMB,F,64,106,60.37735849056604,56.87867049856304,3.498687992002999
3198,2021.5,BBMB,M,42,106,39.62264150943396,43.07134824440835,-3.4487067349743867
3199,2021.5,BIOL,F,350,529,66.1625708884688,56.87867049856304,9.283900389905767
3200,2021.5,BIOL,M,179,529,33.83742911153119,43.07134824440835,-9.233919132877155
3201,2021.5,CHEM,F,359,625,57.440000000000005,56.87867049856304,0.5613295014369655
3202,2021.5,CHEM,M,266,625,42.559999999999995,43.07134824440835,-0.511348244408353
3203,2021.5,CHIN,F,19,34,55.88235294117647,56.87867049856304,-0.9963175573865684
3204,2021.5,CHIN,M,15,34,44.11764705882353,43.07134824440835,1.0462988144151808
3205,2021.5,CLAS,F,24,46,52.17391304347826,56.87867049856304,-4.704757455084781
3206,2021.5,CLAS,M,22,46,47.82608695652174,43.07134824440835,4.754738712113394
3207,2021.5,CS,F,48,207,23.18840579710145,56.87867049856304,-33.69026470146159
3208,2021.5,CS,M,159,207,76.81159420289855,43.07134824440835,33.7402459584902
3209,2021.5,ECON,F,90,272,33.088235294117645,56.87867049856304,-23.790435204445394
3210,2021.5,ECON,M,182,272,66.91176470588235,43.07134824440835,23.840416461474
3211,2021.5,ENGL,F,182,273,66.66666666666666,56.87867049856304,9.787996168103618
3212,2021.5,ENGL,M,91,273,33.33333333333333,43.07134824440835,-9.73801491107502
3213,2021.5,ENVS,F,191,304,62.82894736842105,56.87867049856304,5.950276869858008
3214,2021.5,ENVS,M,113,304,37.17105263157895,43.07134824440835,-5.900295612829396
3215,2021.5,FMS,F,70,134,52.23880597014925,56.87867049856304,-4.6398645284137885
3216,2021.5,FMS,M,63,134,47.01492537313433,43.07134824440835,3.943577128725984
3217,2021.5,FMS,U,1,134,0.7462686567164178,0.04998125702861427,0.6962873996878036
3218,2021.5,FREN,F,42,60,70.0,56.87867049856304,13.12132950143696
3219,2021.5,FREN,M,18,60,30.0,43.07134824440835,-13.071348244408348
3220,2021.5,GENS,F,245,478,51.25523012552301,56.87867049856304,-5.623440373040026
3221,2021.5,GENS,M,232,478,48.53556485355649,43.07134824440835,5.464216609148139
3222,2021.5,GENS,U,1,478,0.20920502092050208,0.04998125702861427,0.1592237638918878
3223,2021.5,GEOL,F,129,250,51.6,56.87867049856304,-5.278670498563038
3224,2021.5,GEOL,M,121,250,48.4,43.07134824440835,5.32865175559165
3225,2021.5,GERM,F,36,67,53.73134328358209,56.87867049856304,-3.1473272149809475
3226,2021.5,GERM,M,31,67,46.26865671641791,43.07134824440835,3.19730847200956
3227,2021.5,GLIT,F,17,37,45.94594594594595,56.87867049856304,-10.932724552617088
3228,2021.5,GLIT,M,20,37,54.054054054054056,43.07134824440835,10.982705809645708
3229,2021.5,GNDS,F,52,61,85.24590163934425,56.87867049856304,28.367231140781215
3230,2021.5,GNDS,M,9,61,14.754098360655737,43.07134824440835,-28.31724988375261
3231,2021.5,HISP,F,83,130,63.84615384615384,56.87867049856304,6.9674833475908
3232,2021.5,HISP,M,47,130,36.15384615384615,43.07134824440835,-6.917502090562195
3233,2021.5,HIST,F,111,253,43.873517786561266,56.87867049856304,-13.005152712001774
3234,2021.5,HIST,M,142,253,56.126482213438734,43.07134824440835,13.055133969030386
3235,2021.5,IDSC,F,33,48,68.75,56.87867049856304,11.87132950143696
3236,2021.5,IDSC,M,15,48,31.25,43.07134824440835,-11.821348244408348
3237,2021.5,JPNS,F,29,54,53.70370370370371,56.87867049856304,-3.17496679485933
3238,2021.5,JPNS,M,24,54,44.44444444444444,43.07134824440835,1.3730962000360947
3239,2021.5,JPNS,U,1,54,1.8518518518518516,0.04998125702861427,1.8018705948232374
3240,2021.5,LAT,F,16,28,57.14285714285714,56.87867049856304,0.26418664429409944
3241,2021.5,LAT,M,12,28,42.857142857142854,43.07134824440835,-0.2142053872654941
3242,2021.5,LIBR,F,17,30,56.666666666666664,56.87867049856304,-0.21200383189637506
3243,2021.5,LIBR,M,13,30,43.333333333333336,43.07134824440835,0.2619850889249875
3244,2021.5,MATH,F,138,330,41.81818181818181,56.87867049856304,-15.060488680381226
3245,2021.5,MATH,M,192,330,58.18181818181818,43.07134824440835,15.110469937409832
3246,2021.5,MUS,F,271,527,51.423149905123346,56.87867049856304,-5.455520593439694
3247,2021.5,MUS,M,255,527,48.38709677419355,43.07134824440835,5.315748529785203
3248,2021.5,MUS,U,1,527,0.18975332068311196,0.04998125702861427,0.13977206365449768
3249,2021.5,PHIL,F,103,200,51.5,56.87867049856304,-5.378670498563039
3250,2021.5,PHIL,M,97,200,48.5,43.07134824440835,5.428651755591652
3251,2021.5,PHYS,F,96,187,51.33689839572193,56.87867049856304,-5.541772102841108
3252,2021.5,PHYS,M,91,187,48.663101604278076,43.07134824440835,5.5917533598697275
3253,2021.5,POL,F,160,249,64.2570281124498,56.87867049856304,7.378357613886763
3254,2021.5,POL,M,89,249,35.7429718875502,43.07134824440835,-7.328376356858151
3255,2021.5,PSYC,F,306,476,64.28571428571429,56.87867049856304,7.4070437871512524
3256,2021.5,PSYC,M,170,476,35.714285714285715,43.07134824440835,-7.357062530122633
3257,2021.5,RAES,F,30,39,76.92307692307693,56.87867049856304,20.044406424513895
3258,2021.5,RAES,M,9,39,23.076923076923077,43.07134824440835,-19.99442516748527
3259,2021.5,REL,F,62,92,67.3913043478261,56.87867049856304,10.512633849263054
3260,2021.5,REL,M,30,92,32.608695652173914,43.07134824440835,-10.462652592234434
3261,2021.5,RWPD,F,147,247,59.51417004048582,56.87867049856304,2.6354995419227834
3262,2021.5,RWPD,M,100,247,40.48582995951417,43.07134824440835,-2.585518284894178
3263,2021.5,SOC,F,165,246,67.07317073170732,56.87867049856304,10.194500233144282
3264,2021.5,SOC,M,81,246,32.926829268292686,43.07134824440835,-10.144518976115663
3265,2021.5,SSRA,F,331,585,56.58119658119658,56.87867049856304,-0.2974739173664602
3266,2021.5,SSRA,M,254,585,43.41880341880342,43.07134824440835,0.3474551743950727
3267,2021.5,THDN,F,177,220,80.45454545454545,56.87867049856304,23.575874955982414
3268,2021.5,THDN,M,43,220,19.545454545454547,43.07134824440835,-23.5258936989538
3269,2022.0,ANTH,F,104,156,66.66666666666666,57.103574702108155,9.563091964558502
3270,2022.0,ANTH,M,52,156,33.33333333333333,42.8309545633102,-9.497621229976872
3271,2022.0,ARTH,F,94,150,62.66666666666667,57.103574702108155,5.563091964558517
3272,2022.0,ARTH,M,56,150,37.333333333333336,42.8309545633102,-5.497621229976865
3273,2022.0,ARTS,F,142,195,72.82051282051282,57.103574702108155,15.716938118404663
3274,2022.0,ARTS,M,53,195,27.17948717948718,42.8309545633102,-15.651467383823022
3275,2022.0,ASTR,F,64,132,48.484848484848484,57.103574702108155,-8.61872621725967
3276,2022.0,ASTR,M,68,132,51.515151515151516,42.8309545633102,8.684196951841315
3277,2022.0,BBMB,F,26,53,49.056603773584904,57.103574702108155,-8.046970928523251
3278,2022.0,BBMB,M,27,53,50.943396226415096,42.8309545633102,8.112441663104896
3279,2022.0,BIOL,F,432,659,65.55386949924127,57.103574702108155,8.450294797133118
3280,2022.0,BIOL,M,227,659,34.44613050075873,42.8309545633102,-8.384824062551473
3281,2022.0,CHEM,F,248,412,60.19417475728155,57.103574702108155,3.0906000551733968
3282,2022.0,CHEM,M,164,412,39.80582524271845,42.8309545633102,-3.025129320591752
3283,2022.0,CHIN,F,17,30,56.666666666666664,57.103574702108155,-0.4369080354414905
3284,2022.0,CHIN,M,13,30,43.333333333333336,42.8309545633102,0.5023787700231352
3285,2022.0,CLAS,F,19,30,63.33333333333333,57.103574702108155,6.229758631225174
3286,2022.0,CLAS,M,11,30,36.666666666666664,42.8309545633102,-6.164287896643536
3287,2022.0,CS,F,70,235,29.78723404255319,57.103574702108155,-27.316340659554964
3288,2022.0,CS,M,165,235,70.2127659574468,42.8309545633102,27.381811394136605
3289,2022.0,ECON,F,102,279,36.55913978494624,57.103574702108155,-20.544434917161915
3290,2022.0,ECON,M,177,279,63.44086021505376,42.8309545633102,20.60990565174356
3291,2022.0,ENGL,F,163,229,71.17903930131004,57.103574702108155,14.075464599201887
3292,2022.0,ENGL,M,66,229,28.82096069868996,42.8309545633102,-14.009993864620242
3293,2022.0,ENVS,F,183,277,66.06498194945848,57.103574702108155,8.96140724735033
3294,2022.0,ENVS,M,94,277,33.935018050541515,42.8309545633102,-8.895936512768685
3295,2022.0,FMS,F,80,132,60.60606060606061,57.103574702108155,3.5024859039524543
3296,2022.0,FMS,M,52,132,39.39393939393939,42.8309545633102,-3.4370151693708095
3297,2022.0,FREN,F,28,50,56.00000000000001,57.103574702108155,-1.1035747021081477
3298,2022.0,FREN,M,22,50,44.0,42.8309545633102,1.1690454366897995
3299,2022.0,GENS,F,233,450,51.77777777777778,57.103574702108155,-5.325796924330376
3300,2022.0,GENS,M,216,450,48.0,42.8309545633102,5.1690454366897995
3301,2022.0,GENS,U,1,450,0.2222222222222222,0.065470734581642,0.15675148764058022
3302,2022.0,GEOL,F,147,289,50.86505190311419,57.103574702108155,-6.238522798993962
3303,2022.0,GEOL,M,142,289,49.13494809688581,42.8309545633102,6.303993533575607
3304,2022.0,GERM,F,27,46,58.69565217391305,57.103574702108155,1.5920774718048918
3305,2022.0,GERM,M,19,46,41.30434782608695,42.8309545633102,-1.526606737223247
3306,2022.0,GLIT,F,14,28,50.0,57.103574702108155,-7.103574702108155
3307,2022.0,GLIT,M,14,28,50.0,42.8309545633102,7.1690454366897995
3308,2022.0,GNDS,F,31,37,83.78378378378379,57.103574702108155,26.680209081675635
3309,2022.0,GNDS,M,6,37,16.216216216216218,42.8309545633102,-26.614738347093983
3310,2022.0,HISP,F,61,106,57.54716981132076,57.103574702108155,0.4435951092126018
3311,2022.0,HISP,M,45,106,42.45283018867924,42.8309545633102,-0.37812437463095705
3312,2022.0,HIST,F,111,247,44.93927125506073,57.103574702108155,-12.164303447047423
3313,2022.0,HIST,M,136,247,55.06072874493927,42.8309545633102,12.229774181629068
3314,2022.0,IDSC,F,21,35,60.0,57.103574702108155,2.896425297891845
3315,2022.0,IDSC,M,14,35,40.0,42.8309545633102,-2.8309545633102005
3316,2022.0,JPNS,F,21,42,50.0,57.103574702108155,-7.103574702108155
3317,2022.0,JPNS,M,20,42,47.61904761904761,42.8309545633102,4.788093055737413
3318,2022.0,JPNS,U,1,42,2.380952380952381,0.065470734581642,2.315481646370739
3319,2022.0,LAT,F,5,11,45.45454545454545,57.103574702108155,-11.649029247562702
3320,2022.0,LAT,M,6,11,54.54545454545454,42.8309545633102,11.71449998214434
3321,2022.0,LIBR,F,9,15,60.0,57.103574702108155,2.896425297891845
3322,2022.0,LIBR,M,6,15,40.0,42.8309545633102,-2.8309545633102005
3323,2022.0,MATH,F,119,261,45.593869731800766,57.103574702108155,-11.50970497030739
3324,2022.0,MATH,M,142,261,54.406130268199234,42.8309545633102,11.575175704889034
3325,2022.0,MUS,F,297,534,55.61797752808989,57.103574702108155,-1.4855971740182667
3326,2022.0,MUS,M,237,534,44.38202247191011,42.8309545633102,1.5510679085999115
3327,2022.0,PHIL,F,74,171,43.27485380116959,57.103574702108155,-13.828720900938563
3328,2022.0,PHIL,M,97,171,56.72514619883041,42.8309545633102,13.894191635520208
3329,2022.0,PHYS,F,98,264,37.121212121212125,57.103574702108155,-19.98236258089603
3330,2022.0,PHYS,M,166,264,62.878787878787875,42.8309545633102,20.047833315477675
3331,2022.0,POL,F,126,198,63.63636363636363,57.103574702108155,6.532788934255478
3332,2022.0,POL,M,72,198,36.36363636363637,42.8309545633102,-6.467318199673834
3333,2022.0,PSYC,F,304,460,66.08695652173913,57.103574702108155,8.98338181963097
3334,2022.0,PSYC,M,154,460,33.47826086956522,42.8309545633102,-9.352693693744982
3335,2022.0,PSYC,U,2,460,0.43478260869565216,0.065470734581642,0.3693118741140102
3336,2022.0,RAES,F,22,31,70.96774193548387,57.103574702108155,13.864167233375717
3337,2022.0,RAES,M,9,31,29.03225806451613,42.8309545633102,-13.798696498794069
3338,2022.0,REL,F,80,110,72.72727272727273,57.103574702108155,15.623698025164579
3339,2022.0,REL,M,30,110,27.27272727272727,42.8309545633102,-15.55822729058293
3340,2022.0,RWPD,F,106,168,63.095238095238095,57.103574702108155,5.99166339312994
3341,2022.0,RWPD,M,61,168,36.30952380952381,42.8309545633102,-6.52143075378639
3342,2022.0,RWPD,U,1,168,0.5952380952380952,0.065470734581642,0.5297673606564532
3343,2022.0,SOC,F,162,231,70.12987012987013,57.103574702108155,13.026295427761973
3344,2022.0,SOC,M,69,231,29.87012987012987,42.8309545633102,-12.960824693180331
3345,2022.0,SSRA,F,386,689,56.02322206095791,57.103574702108155,-1.0803526411502418
3346,2022.0,SSRA,M,303,689,43.97677793904209,42.8309545633102,1.1458233757318865
3347,2022.0,THDN,F,128,184,69.56521739130434,57.103574702108155,12.46164268919619
3348,2022.0,THDN,M,56,184,30.434782608695656,42.8309545633102,-12.396171954614545
3349,2022.5,ANTH,F,89,134,66.4179104477612,57.148367189508875,9.269543258252327
3350,2022.5,ANTH,M,45,134,33.582089552238806,42.620210851118536,-9.03812129887973
3351,2022.5,ARTH,F,63,88,71.5909090909091,57.148367189508875,14.442541901400219
3352,2022.5,ARTH,M,25,88,28.40909090909091,42.620210851118536,-14.211119942027626
3353,2022.5,ARTS,F,160,241,66.39004149377593,57.148367189508875,9.24167430426705
3354,2022.5,ARTS,M,79,241,32.780082987551864,42.620210851118536,-9.840127863566671
3355,2022.5,ARTS,U,2,241,0.8298755186721992,0.23142195937258936,0.5984535592996099
3356,2022.5,ASTR,F,71,147,48.29931972789115,57.148367189508875,-8.849047461617722
3357,2022.5,ASTR,M,76,147,51.70068027210885,42.620210851118536,9.080469420990312
3358,2022.5,BBMB,F,81,120,67.5,57.148367189508875,10.351632810491125
3359,2022.5,BBMB,M,39,120,32.5,42.620210851118536,-10.120210851118536
3360,2022.5,BIOL,F,263,404,65.0990099009901,57.148367189508875,7.950642711481223
3361,2022.5,BIOL,M,141,404,34.900990099009896,42.620210851118536,-7.71922075210864
3362,2022.5,CHEM,F,349,563,61.98934280639432,57.148367189508875,4.840975616885444
3363,2022.5,CHEM,M,214,563,38.01065719360569,42.620210851118536,-4.609553657512848
3364,2022.5,CHIN,F,20,35,57.14285714285714,57.148367189508875,-0.005510046651735934
3365,2022.5,CHIN,M,14,35,40.0,42.620210851118536,-2.620210851118536
3366,2022.5,CHIN,U,1,35,2.857142857142857,0.23142195937258936,2.6257208977702677
3367,2022.5,CLAS,F,28,54,51.85185185185185,57.148367189508875,-5.296515337657027
3368,2022.5,CLAS,M,26,54,48.148148148148145,42.620210851118536,5.5279372970296095
3369,2022.5,CS,F,68,202,33.663366336633665,57.148367189508875,-23.48500085287521
3370,2022.5,CS,M,134,202,66.33663366336634,42.620210851118536,23.716422812247806
3371,2022.5,ECON,F,91,287,31.70731707317073,57.148367189508875,-25.441050116338143
3372,2022.5,ECON,M,196,287,68.29268292682927,42.620210851118536,25.672472075710736
3373,2022.5,ENGL,F,166,240,69.16666666666667,57.148367189508875,12.018299477157797
3374,2022.5,ENGL,M,74,240,30.833333333333336,42.620210851118536,-11.7868775177852
3375,2022.5,ENVS,F,194,307,63.19218241042345,57.148367189508875,6.043815220914574
3376,2022.5,ENVS,M,113,307,36.807817589576544,42.620210851118536,-5.812393261541992
3377,2022.5,FMS,F,65,128,50.78125,57.148367189508875,-6.367117189508875
3378,2022.5,FMS,M,63,128,49.21875,42.620210851118536,6.598539148881464
3379,2022.5,FREN,F,37,60,61.66666666666667,57.148367189508875,4.518299477157797
3380,2022.5,FREN,M,23,60,38.333333333333336,42.620210851118536,-4.2868775177852
3381,2022.5,GENS,F,195,350,55.714285714285715,57.148367189508875,-1.4340814752231594
3382,2022.5,GENS,M,155,350,44.285714285714285,42.620210851118536,1.665503434595749
3383,2022.5,GEOL,F,158,281,56.22775800711744,57.148367189508875,-0.9206091823914377
3384,2022.5,GEOL,M,123,281,43.77224199288256,42.620210851118536,1.1520311417640272
3385,2022.5,GERM,F,23,42,54.761904761904766,57.148367189508875,-2.3864624276041084
3386,2022.5,GERM,M,19,42,45.23809523809524,42.620210851118536,2.617884386976705
3387,2022.5,GLIT,F,22,28,78.57142857142857,57.148367189508875,21.423061381919695
3388,2022.5,GLIT,M,6,28,21.428571428571427,42.620210851118536,-21.19163942254711
3389,2022.5,GNDS,F,36,49,73.46938775510205,57.148367189508875,16.321020565593173
3390,2022.5,GNDS,M,13,49,26.53061224489796,42.620210851118536,-16.089598606220576
3391,2022.5,GREK,F,9,12,75.0,57.148367189508875,17.851632810491125
3392,2022.5,GREK,M,3,12,25.0,42.620210851118536,-17.620210851118536
3393,2022.5,HISP,F,72,124,58.06451612903226,57.148367189508875,0.9161489395233886
3394,2022.5,HISP,M,52,124,41.935483870967744,42.620210851118536,-0.684726980150792
3395,2022.5,HIST,F,94,218,43.11926605504588,57.148367189508875,-14.029101134462998
3396,2022.5,HIST,M,123,218,56.42201834862385,42.620210851118536,13.801807497505315
3397,2022.5,HIST,U,1,218,0.45871559633027525,0.23142195937258936,0.2272936369576859
3398,2022.5,IDSC,F,32,52,61.53846153846154,57.148367189508875,4.390094348952665
3399,2022.5,IDSC,M,20,52,38.46153846153847,42.620210851118536,-4.158672389580069
3400,2022.5,JPNS,F,21,53,39.62264150943396,57.148367189508875,-17.525725680074913
3401,2022.5,JPNS,M,32,53,60.37735849056604,42.620210851118536,17.757147639447503
3402,2022.5,LAT,F,9,14,64.28571428571429,57.148367189508875,7.137347096205417
3403,2022.5,LAT,M,5,14,35.714285714285715,42.620210851118536,-6.9059251368328205
3404,2022.5,LIBR,F,11,21,52.38095238095239,57.148367189508875,-4.767414808556488
3405,2022.5,LIBR,M,10,21,47.61904761904761,42.620210851118536,4.9988367679290775
3406,2022.5,MATH,F,143,337,42.433234421364986,57.148367189508875,-14.715132768143889
3407,2022.5,MATH,M,193,337,57.27002967359051,42.620210851118536,14.649818822471971
3408,2022.5,MATH,U,1,337,0.2967359050445104,0.23142195937258936,0.06531394567192106
3409,2022.5,MUS,F,341,675,50.51851851851852,57.148367189508875,-6.629848670990356
3410,2022.5,MUS,M,334,675,49.48148148148148,42.620210851118536,6.861270630362945
3411,2022.5,PHIL,F,92,164,56.09756097560976,57.148367189508875,-1.050806213899115
3412,2022.5,PHIL,M,62,164,37.80487804878049,42.620210851118536,-4.815332802338048
3413,2022.5,PHIL,U,10,164,6.097560975609756,0.23142195937258936,5.866139016237167
3414,2022.5,PHYS,F,78,187,41.711229946524064,57.148367189508875,-15.43713724298481
3415,2022.5,PHYS,M,109,187,58.288770053475936,42.620210851118536,15.6685592023574
3416,2022.5,POL,F,133,226,58.849557522123895,57.148367189508875,1.7011903326150204
3417,2022.5,POL,M,92,226,40.707964601769916,42.620210851118536,-1.9122462493486196
3418,2022.5,POL,U,1,226,0.4424778761061947,0.23142195937258936,0.21105591673360535
3419,2022.5,PSYC,F,332,465,71.3978494623656,57.148367189508875,14.249482272856724
3420,2022.5,PSYC,M,133,465,28.602150537634408,42.620210851118536,-14.018060313484128
3421,2022.5,RAES,F,27,39,69.23076923076923,57.148367189508875,12.082402041260352
3422,2022.5,RAES,M,12,39,30.76923076923077,42.620210851118536,-11.850980081887766
3423,2022.5,REL,F,60,94,63.829787234042556,57.148367189508875,6.681420044533681
3424,2022.5,REL,M,34,94,36.17021276595745,42.620210851118536,-6.449998085161084
3425,2022.5,RWPD,F,129,242,53.30578512396694,57.148367189508875,-3.842582065541933
3426,2022.5,RWPD,M,113,242,46.69421487603306,42.620210851118536,4.074004024914522
3427,2022.5,SOC,F,157,231,67.96536796536796,57.148367189508875,10.817000775859086
3428,2022.5,SOC,M,74,231,32.03463203463203,42.620210851118536,-10.585578816486503
3429,2022.5,SSRA,F,365,628,58.12101910828026,57.148367189508875,0.9726519187713834
3430,2022.5,SSRA,M,262,628,41.71974522292994,42.620210851118536,-0.9004656281885985
3431,2022.5,SSRA,U,1,628,0.15923566878980894,0.23142195937258936,-0.07218629058278042
3432,2022.5,THDN,F,161,236,68.22033898305084,57.148367189508875,11.071971793541962
3433,2022.5,THDN,M,74,236,31.35593220338983,42.620210851118536,-11.264278647728705
3434,2022.5,THDN,U,1,236,0.423728813559322,0.23142195937258936,0.19230685418673266
3435,2023.0,ANTH,F,62,120,51.66666666666667,55.84905660377358,-4.182389937106912
3436,2023.0,ANTH,M,58,120,48.333333333333336,43.935309973045825,4.39802336028751
3437,2023.0,ARTH,F,53,74,71.62162162162163,55.84905660377358,15.772565017848045
3438,2023.0,ARTH,M,21,74,28.37837837837838,43.935309973045825,-15.556931594667446
3439,2023.0,ARTS,F,121,171,70.76023391812866,55.84905660377358,14.91117731435508
3440,2023.0,ARTS,M,50,171,29.239766081871345,43.935309973045825,-14.69554389117448
3441,2023.0,ASTR,F,62,130,47.69230769230769,55.84905660377358,-8.15674891146589
3442,2023.0,ASTR,M,68,130,52.307692307692314,43.935309973045825,8.372382334646488
3443,2023.0,BBMB,F,38,60,63.33333333333333,55.84905660377358,7.484276729559745
3444,2023.0,BBMB,M,22,60,36.666666666666664,43.935309973045825,-7.268643306379161
3445,2023.0,BIOL,F,383,567,67.54850088183422,55.84905660377358,11.699444278060632
3446,2023.0,BIOL,M,184,567,32.451499118165785,43.935309973045825,-11.48381085488004
3447,2023.0,CHEM,F,261,407,64.12776412776412,55.84905660377358,8.27870752399054
3448,2023.0,CHEM,M,146,407,35.872235872235876,43.935309973045825,-8.06307410080995
3449,2023.0,CHIN,F,12,23,52.17391304347826,55.84905660377358,-3.675143560295325
3450,2023.0,CHIN,M,11,23,47.82608695652174,43.935309973045825,3.8907769834759165
3451,2023.0,CLAS,F,19,40,47.5,55.84905660377358,-8.349056603773583
3452,2023.0,CLAS,M,21,40,52.5,43.935309973045825,8.564690026954175
3453,2023.0,CS,F,77,273,28.205128205128204,55.84905660377358,-27.64392839864538
3454,2023.0,CS,M,196,273,71.7948717948718,43.935309973045825,27.85956182182597
3455,2023.0,ECON,F,90,262,34.35114503816794,55.84905660377358,-21.49791156560564
3456,2023.0,ECON,M,172,262,65.64885496183206,43.935309973045825,21.713544988786232
3457,2023.0,ENGL,F,165,248,66.53225806451613,55.84905660377358,10.683201460742545
3458,2023.0,ENGL,M,83,248,33.46774193548387,43.935309973045825,-10.467568037561954
3459,2023.0,ENVS,F,140,214,65.42056074766354,55.84905660377358,9.57150414388996
3460,2023.0,ENVS,M,74,214,34.57943925233645,43.935309973045825,-9.355870720709376
3461,2023.0,FMS,F,90,164,54.87804878048781,55.84905660377358,-0.971007823285774
3462,2023.0,FMS,M,74,164,45.1219512195122,43.935309973045825,1.1866412464663725
3463,2023.0,FREN,F,33,50,66.0,55.84905660377358,10.150943396226417
3464,2023.0,FREN,M,17,50,34.0,43.935309973045825,-9.935309973045825
3465,2023.0,GENS,F,194,353,54.95750708215298,55.84905660377358,-0.891549521620604
3466,2023.0,GENS,M,159,353,45.04249291784703,43.935309973045825,1.1071829448012025
3467,2023.0,GEOL,F,137,285,48.07017543859649,55.84905660377358,-7.77888116517709
3468,2023.0,GEOL,M,148,285,51.92982456140351,43.935309973045825,7.994514588357681
3469,2023.0,GERM,F,31,62,50.0,55.84905660377358,-5.849056603773583
3470,2023.0,GERM,M,31,62,50.0,43.935309973045825,6.064690026954175
3471,2023.0,GLIT,F,12,30,40.0,55.84905660377358,-15.849056603773583
3472,2023.0,GLIT,M,18,30,60.0,43.935309973045825,16.064690026954175
3473,2023.0,GNDS,F,28,33,84.84848484848484,55.84905660377358,28.99942824471126
3474,2023.0,GNDS,M,5,33,15.151515151515152,43.935309973045825,-28.783794821530673
3475,2023.0,HISP,F,64,100,64.0,55.84905660377358,8.150943396226417
3476,2023.0,HISP,M,36,100,36.0,43.935309973045825,-7.935309973045825
3477,2023.0,HIST,F,104,230,45.21739130434783,55.84905660377358,-10.631665299425755
3478,2023.0,HIST,M,126,230,54.78260869565217,43.935309973045825,10.847298722606347
3479,2023.0,JPNS,F,12,34,35.294117647058826,55.84905660377358,-20.554938956714757
3480,2023.0,JPNS,M,22,34,64.70588235294117,43.935309973045825,20.77057237989535
3481,2023.0,LIBR,F,12,29,41.37931034482759,55.84905660377358,-14.469746258945996
3482,2023.0,LIBR,M,17,29,58.620689655172406,43.935309973045825,14.68537968212658
3483,2023.0,MATH,F,109,276,39.492753623188406,55.84905660377358,-16.356302980585177
3484,2023.0,MATH,M,166,276,60.14492753623188,43.935309973045825,16.209617563186058
3485,2023.0,MATH,U,1,276,0.36231884057971014,0.215633423180593,0.14668541739911714
3486,2023.0,MUS,F,289,571,50.61295971978984,55.84905660377358,-5.236096883983741
3487,2023.0,MUS,M,282,571,49.38704028021016,43.935309973045825,5.451730307164333
3488,2023.0,PHIL,F,86,160,53.75,55.84905660377358,-2.099056603773583
3489,2023.0,PHIL,M,62,160,38.75,43.935309973045825,-5.185309973045825
3490,2023.0,PHIL,U,12,160,7.5,0.215633423180593,7.284366576819407
3491,2023.0,PHYS,F,113,241,46.88796680497925,55.84905660377358,-8.961089798794333
3492,2023.0,PHYS,M,128,241,53.11203319502075,43.935309973045825,9.176723221974925
3493,2023.0,POL,F,114,194,58.76288659793815,55.84905660377358,2.9138299941645656
3494,2023.0,POL,M,80,194,41.23711340206185,43.935309973045825,-2.698196570983974
3495,2023.0,PSYC,F,292,430,67.90697674418604,55.84905660377358,12.057920140412456
3496,2023.0,PSYC,M,138,430,32.093023255813954,43.935309973045825,-11.842286717231872
3497,2023.0,RAES,F,19,31,61.29032258064516,55.84905660377358,5.441265976871577
3498,2023.0,RAES,M,12,31,38.70967741935484,43.935309973045825,-5.225632553690986
3499,2023.0,REL,F,68,117,58.119658119658126,55.84905660377358,2.270601515884543
3500,2023.0,REL,M,48,117,41.02564102564102,43.935309973045825,-2.9096689474048034
3501,2023.0,REL,U,1,117,0.8547008547008548,0.215633423180593,0.6390674315202618
3502,2023.0,RWPD,F,75,141,53.191489361702125,55.84905660377358,-2.6575672420714582
3503,2023.0,RWPD,M,64,141,45.39007092198582,43.935309973045825,1.4547609489399917
3504,2023.0,RWPD,U,2,141,1.4184397163120568,0.215633423180593,1.2028062931314638
3505,2023.0,SOC,F,152,244,62.295081967213115,55.84905660377358,6.4460253634395315
3506,2023.0,SOC,M,92,244,37.704918032786885,43.935309973045825,-6.23039194025894
3507,2023.0,SSRA,F,418,779,53.65853658536586,55.84905660377358,-2.1905200184077245
3508,2023.0,SSRA,M,361,779,46.34146341463415,43.935309973045825,2.406153441588323
3509,2023.0,THDN,F,187,252,74.20634920634922,55.84905660377358,18.357292602575633
3510,2023.0,THDN,M,65,252,25.793650793650798,43.935309973045825,-18.141659179395027
3511,2023.5,ANTH,F,106,159,66.66666666666666,57.479431563201196,9.187235103465461
3512,2023.5,ANTH,M,53,159,33.33333333333333,42.33358264771877,-9.000249314385442
3513,2023.5,ARTH,F,66,88,75.0,57.479431563201196,17.520568436798804
3514,2023.5,ARTH,M,22,88,25.0,42.33358264771877,-17.33358264771877
3515,2023.5,ARTS,F,172,239,71.96652719665272,57.479431563201196,14.487095633451524
3516,2023.5,ARTS,M,67,239,28.03347280334728,42.33358264771877,-14.300109844371491
3517,2023.5,ASTR,F,54,95,56.84210526315789,57.479431563201196,-0.6373263000433056
3518,2023.5,ASTR,M,41,95,43.15789473684211,42.33358264771877,0.8243120891233389
3519,2023.5,BBMB,F,61,81,75.30864197530865,57.479431563201196,17.82921041210745
3520,2023.5,BBMB,M,20,81,24.691358024691358,42.33358264771877,-17.642224623027413
3521,2023.5,BIOL,F,319,445,71.68539325842697,57.479431563201196,14.205961695225774
3522,2023.5,BIOL,M,126,445,28.314606741573034,42.33358264771877,-14.018975906145737
3523,2023.5,CHEM,F,395,622,63.5048231511254,57.479431563201196,6.025391587924204
3524,2023.5,CHEM,M,227,622,36.4951768488746,42.33358264771877,-5.838405798844171
3525,2023.5,CHIN,F,15,28,53.57142857142857,57.479431563201196,-3.9080029917726264
3526,2023.5,CHIN,M,13,28,46.42857142857143,42.33358264771877,4.09498878085266
3527,2023.5,CLAS,F,25,42,59.523809523809526,57.479431563201196,2.0443779606083297
3528,2023.5,CLAS,M,17,42,40.476190476190474,42.33358264771877,-1.8573921715282964
3529,2023.5,CS,F,68,209,32.535885167464116,57.479431563201196,-24.94354639573708
3530,2023.5,CS,M,140,209,66.98564593301435,42.33358264771877,24.652063285295583
3531,2023.5,CS,U,1,209,0.4784688995215311,0.1869857890800299,0.2914831104415012
3532,2023.5,ECON,F,103,334,30.83832335329341,57.479431563201196,-26.641108209907784
3533,2023.5,ECON,M,231,334,69.16167664670658,42.33358264771877,26.82809399898781
3534,2023.5,ENGL,F,143,206,69.41747572815534,57.479431563201196,11.938044164954142
3535,2023.5,ENGL,M,63,206,30.582524271844658,42.33358264771877,-11.751058375874113
3536,2023.5,ENVS,F,181,276,65.57971014492753,57.479431563201196,8.100278581726336
3537,2023.5,ENVS,M,95,276,34.42028985507246,42.33358264771877,-7.91329279264631
3538,2023.5,FMS,F,75,166,45.18072289156627,57.479431563201196,-12.298708671634927
3539,2023.5,FMS,M,91,166,54.81927710843374,42.33358264771877,12.485694460714967
3540,2023.5,FREN,F,35,61,57.377049180327866,57.479431563201196,-0.1023823828733299
3541,2023.5,FREN,M,26,61,42.62295081967213,42.33358264771877,0.28936817195335607
3542,2023.5,GENS,F,274,471,58.174097664543524,57.479431563201196,0.6946661013423281
3543,2023.5,GENS,M,197,471,41.825902335456476,42.33358264771877,-0.5076803122622948
3544,2023.5,GEOL,F,166,302,54.966887417218544,57.479431563201196,-2.512544145982652
3545,2023.5,GEOL,M,136,302,45.033112582781456,42.33358264771877,2.699529935062685
3546,2023.5,GERM,F,17,43,39.53488372093023,57.479431563201196,-17.944547842270964
3547,2023.5,GERM,M,26,43,60.46511627906976,42.33358264771877,18.13153363135099
3548,2023.5,GLIT,F,7,14,50.0,57.479431563201196,-7.479431563201196
3549,2023.5,GLIT,M,7,14,50.0,42.33358264771877,7.666417352281229
3550,2023.5,GNDS,F,42,50,84.0,57.479431563201196,26.520568436798804
3551,2023.5,GNDS,M,8,50,16.0,42.33358264771877,-26.33358264771877
3552,2023.5,HISP,F,65,110,59.09090909090909,57.479431563201196,1.6114775277078977
3553,2023.5,HISP,M,43,110,39.09090909090909,42.33358264771877,-3.2426735568096774
3554,2023.5,HISP,U,2,110,1.8181818181818181,0.1869857890800299,1.6311960291017882
3555,2023.5,HIST,F,95,202,47.02970297029702,57.479431563201196,-10.449728592904172
3556,2023.5,HIST,M,107,202,52.97029702970298,42.33358264771877,10.636714381984206
3557,2023.5,IDSC,F,46,75,61.33333333333333,57.479431563201196,3.8539017701321328
3558,2023.5,IDSC,M,29,75,38.666666666666664,42.33358264771877,-3.6669159810521066
3559,2023.5,IRES,F,17,35,48.57142857142857,57.479431563201196,-8.908002991772626
3560,2023.5,IRES,M,18,35,51.42857142857142,42.33358264771877,9.094988780852653
3561,2023.5,JPNS,F,19,40,47.5,57.479431563201196,-9.979431563201196
3562,2023.5,JPNS,M,21,40,52.5,42.33358264771877,10.16641735228123
3563,2023.5,LAT,F,10,18,55.55555555555556,57.479431563201196,-1.9238760076456387
3564,2023.5,LAT,M,8,18,44.44444444444444,42.33358264771877,2.110861796725672
3565,2023.5,LIBR,F,18,27,66.66666666666666,57.479431563201196,9.187235103465461
3566,2023.5,LIBR,M,9,27,33.33333333333333,42.33358264771877,-9.000249314385442
3567,2023.5,MATH,F,178,398,44.72361809045226,57.479431563201196,-12.755813472748933
3568,2023.5,MATH,M,220,398,55.27638190954774,42.33358264771877,12.942799261828966
3569,2023.5,MUS,F,328,658,49.848024316109424,57.479431563201196,-7.631407247091772
3570,2023.5,MUS,M,330,658,50.15197568389058,42.33358264771877,7.818393036171813
3571,2023.5,PHIL,F,84,156,53.84615384615385,57.479431563201196,-3.633277717047349
3572,2023.5,PHIL,M,60,156,38.46153846153847,42.33358264771877,-3.872044186180304
3573,2023.5,PHIL,U,12,156,7.6923076923076925,0.1869857890800299,7.505321903227663
3574,2023.5,PHYS,F,75,222,33.78378378378378,57.479431563201196,-23.695647779417413
3575,2023.5,PHYS,M,147,222,66.21621621621621,42.33358264771877,23.88263356849744
3576,2023.5,POL,F,133,231,57.57575757575758,57.479431563201196,0.09632601255638207
3577,2023.5,POL,M,98,231,42.42424242424242,42.33358264771877,0.0906597765236512
3578,2023.5,PSYC,F,304,443,68.62302483069978,57.479431563201196,11.14359326749858
3579,2023.5,PSYC,M,139,443,31.376975169300223,42.33358264771877,-10.956607478418547
3580,2023.5,REL,F,47,71,66.19718309859155,57.479431563201196,8.717751535390356
3581,2023.5,REL,M,24,71,33.80281690140845,42.33358264771877,-8.530765746310323
3582,2023.5,RWPD,F,143,237,60.337552742616026,57.479431563201196,2.8581211794148302
3583,2023.5,RWPD,M,94,237,39.66244725738397,42.33358264771877,-2.671135390334804
3584,2023.5,SOC,F,195,295,66.10169491525424,57.479431563201196,8.622263352053047
3585,2023.5,SOC,M,100,295,33.89830508474576,42.33358264771877,-8.435277562973013
3586,2023.5,SSRA,F,331,601,55.074875207986686,57.479431563201196,-2.4045563552145097
3587,2023.5,SSRA,M,270,601,44.92512479201331,42.33358264771877,2.591542144294536
3588,2023.5,THDN,F,193,264,73.10606060606061,57.479431563201196,15.626629042859413
3589,2023.5,THDN,M,71,264,26.89393939393939,42.33358264771877,-15.43964325377938
3590,2024.0,ANTH,F,86,128,67.1875,57.022132796780696,10.165367203219304
3591,2024.0,ANTH,M,42,128,32.8125,42.68276324614352,-9.870263246143523
3592,2024.0,ARTH,F,59,91,64.83516483516483,57.022132796780696,7.8130320383841365
3593,2024.0,ARTH,M,32,91,35.16483516483517,42.68276324614352,-7.517928081308355
3594,2024.0,ARTS,F,121,176,68.75,57.022132796780696,11.727867203219304
3595,2024.0,ARTS,M,55,176,31.25,42.68276324614352,-11.432763246143523
3596,2024.0,ASTR,F,73,141,51.77304964539007,57.022132796780696,-5.249083151390629
3597,2024.0,ASTR,M,68,141,48.226950354609926,42.68276324614352,5.544187108466403
3598,2024.0,BBMB,F,87,136,63.970588235294116,57.022132796780696,6.94845543851342
3599,2024.0,BBMB,M,49,136,36.029411764705884,42.68276324614352,-6.653351481437639
3600,2024.0,BIOL,F,392,577,67.93760831889082,57.022132796780696,10.915475522110128
3601,2024.0,BIOL,M,185,577,32.06239168110919,42.68276324614352,-10.620371565034333
3602,2024.0,CHEM,F,310,452,68.58407079646017,57.022132796780696,11.561937999679472
3603,2024.0,CHEM,M,142,452,31.41592920353982,42.68276324614352,-11.266834042603701
3604,2024.0,CHIN,F,13,25,52.0,57.022132796780696,-5.022132796780696
3605,2024.0,CHIN,M,12,25,48.0,42.68276324614352,5.317236753856477
3606,2024.0,CLAS,F,26,46,56.52173913043478,57.022132796780696,-0.5003936663459143
3607,2024.0,CLAS,M,20,46,43.47826086956522,42.68276324614352,0.7954976234216957
3608,2024.0,CS,F,71,270,26.296296296296294,57.022132796780696,-30.7258365004844
3609,2024.0,CS,M,198,270,73.33333333333333,42.68276324614352,30.650570087189806
3610,2024.0,CS,U,1,270,0.3703703703703704,0.29510395707578807,0.07526641329458233
3611,2024.0,ECON,F,105,284,36.971830985915496,57.022132796780696,-20.0503018108652
3612,2024.0,ECON,M,179,284,63.02816901408451,42.68276324614352,20.34540576794099
3613,2024.0,ENGL,F,154,219,70.31963470319634,57.022132796780696,13.297501906415647
3614,2024.0,ENGL,M,65,219,29.68036529680365,42.68276324614352,-13.002397949339873
3615,2024.0,ENVS,F,135,206,65.53398058252428,57.022132796780696,8.511847785743583
3616,2024.0,ENVS,M,71,206,34.46601941747573,42.68276324614352,-8.216743828667795
3617,2024.0,FMS,F,80,164,48.78048780487805,57.022132796780696,-8.241644991902646
3618,2024.0,FMS,M,84,164,51.21951219512195,42.68276324614352,8.536748948978428
3619,2024.0,FREN,F,20,39,51.28205128205128,57.022132796780696,-5.740081514729418
3620,2024.0,FREN,M,19,39,48.717948717948715,42.68276324614352,6.0351854718051925
3621,2024.0,GENS,F,261,446,58.52017937219731,57.022132796780696,1.4980465754166161
3622,2024.0,GENS,M,185,446,41.47982062780269,42.68276324614352,-1.2029426183408347
3623,2024.0,GEOL,F,156,288,54.166666666666664,57.022132796780696,-2.8554661301140314
3624,2024.0,GEOL,M,132,288,45.83333333333333,42.68276324614352,3.1505700871898057
3625,2024.0,GERM,F,13,33,39.39393939393939,57.022132796780696,-17.628193402841305
3626,2024.0,GERM,M,20,33,60.60606060606061,42.68276324614352,17.923297359917086
3627,2024.0,GNDS,F,31,37,83.78378378378379,57.022132796780696,26.761650987003094
3628,2024.0,GNDS,M,6,37,16.216216216216218,42.68276324614352,-26.466547029927305
3629,2024.0,HCD,F,8,15,53.333333333333336,57.022132796780696,-3.68879946344736
3630,2024.0,HCD,M,7,15,46.666666666666664,42.68276324614352,3.9839034205231414
3631,2024.0,HISP,F,64,98,65.3061224489796,57.022132796780696,8.283989652198898
3632,2024.0,HISP,M,34,98,34.69387755102041,42.68276324614352,-7.988885695123116
3633,2024.0,HIST,F,58,131,44.274809160305345,57.022132796780696,-12.74732363647535
3634,2024.0,HIST,M,73,131,55.72519083969466,42.68276324614352,13.042427593551139
3635,2024.0,IDSC,F,19,29,65.51724137931035,57.022132796780696,8.495108582529653
3636,2024.0,IDSC,M,10,29,34.48275862068966,42.68276324614352,-8.200004625453865
3637,2024.0,IRES,F,43,75,57.333333333333336,57.022132796780696,0.31120053655264
3638,2024.0,IRES,M,22,75,29.333333333333332,42.68276324614352,-13.34942991281019
3639,2024.0,IRES,U,10,75,13.333333333333334,0.29510395707578807,13.038229376257545
3640,2024.0,JPNS,F,23,41,56.09756097560976,57.022132796780696,-0.924571821170936
3641,2024.0,JPNS,M,18,41,43.90243902439025,42.68276324614352,1.2196757782467245
3642,2024.0,LIBR,F,20,27,74.07407407407408,57.022132796780696,17.05194127729338
3643,2024.0,LIBR,M,7,27,25.925925925925924,42.68276324614352,-16.7568373202176
3644,2024.0,MATH,F,110,274,40.14598540145985,57.022132796780696,-16.876147395320842
3645,2024.0,MATH,M,164,274,59.854014598540154,42.68276324614352,17.17125135239663
3646,2024.0,MUS,F,290,550,52.72727272727272,57.022132796780696,-4.294860069507976
3647,2024.0,MUS,M,260,550,47.27272727272727,42.68276324614352,4.5899640265837505
3648,2024.0,PHIL,F,82,172,47.674418604651166,57.022132796780696,-9.34771419212953
3649,2024.0,PHIL,M,79,172,45.93023255813954,42.68276324614352,3.2474693119960136
3650,2024.0,PHIL,U,11,172,6.395348837209303,0.29510395707578807,6.1002448801335145
3651,2024.0,PHYS,F,111,286,38.81118881118881,57.022132796780696,-18.210943985591882
3652,2024.0,PHYS,M,175,286,61.18881118881119,42.68276324614352,18.506047942667664
3653,2024.0,POL,F,122,212,57.54716981132076,57.022132796780696,0.5250370145400609
3654,2024.0,POL,M,90,212,42.45283018867924,42.68276324614352,-0.2299330574642795
3655,2024.0,PSYC,F,297,449,66.14699331848553,57.022132796780696,9.124860521704832
3656,2024.0,PSYC,M,152,449,33.85300668151447,42.68276324614352,-8.82975656462905
3657,2024.0,REL,F,49,75,65.33333333333333,57.022132796780696,8.311200536552633
3658,2024.0,REL,M,26,75,34.66666666666667,42.68276324614352,-8.016096579476852
3659,2024.0,RWPD,F,40,88,45.45454545454545,57.022132796780696,-11.567587342235242
3660,2024.0,RWPD,M,48,88,54.54545454545454,42.68276324614352,11.862691299311017
3661,2024.0,SOC,F,120,188,63.829787234042556,57.022132796780696,6.80765443726186
3662,2024.0,SOC,M,68,188,36.17021276595745,42.68276324614352,-6.512550480186071
3663,2024.0,SSRA,F,399,698,57.163323782234954,57.022132796780696,0.14119098545425857
3664,2024.0,SSRA,M,299,698,42.83667621776504,42.68276324614352,0.15391297162151574
3665,2024.0,THDN,F,194,277,70.03610108303249,57.022132796780696,13.013968286251796
3666,2024.0,THDN,M,83,277,29.96389891696751,42.68276324614352,-12.718864329176014
3667,2024.5,AMES,F,5,11,45.45454545454545,58.46847945372515,-13.013933999179699
3668,2024.5,AMES,M,6,11,54.54545454545454,40.89745153030118,13.648003015153357
3669,2024.5,ANTH,F,70,110,63.63636363636363,58.46847945372515,5.167884182638481
3670,2024.5,ANTH,M,40,110,36.36363636363637,40.89745153030118,-4.533815166664816
3671,2024.5,ARTH,F,67,106,63.20754716981132,58.46847945372515,4.7390677160861685
3672,2024.5,ARTH,M,39,106,36.79245283018868,40.89745153030118,-4.104998700112503
3673,2024.5,ARTS,F,139,209,66.50717703349282,58.46847945372515,8.038697579767671
3674,2024.5,ARTS,M,70,209,33.49282296650718,40.89745153030118,-7.404628563794006
3675,2024.5,ASTR,F,77,148,52.02702702702703,58.46847945372515,-6.44145242669812
3676,2024.5,ASTR,M,71,148,47.97297297297297,40.89745153030118,7.075521442671786
3677,2024.5,BBAC,F,11,14,78.57142857142857,58.46847945372515,20.102949117703417
3678,2024.5,BBAC,M,3,14,21.428571428571427,40.89745153030118,-19.468880101729756
3679,2024.5,BBMB,F,50,92,54.347826086956516,58.46847945372515,-4.120653366768636
3680,2024.5,BBMB,M,42,92,45.65217391304348,40.89745153030118,4.754722382742294
3681,2024.5,BIOL,F,378,500,75.6,58.46847945372515,17.131520546274842
3682,2024.5,BIOL,M,122,500,24.4,40.89745153030118,-16.497451530301184
3683,2024.5,CHEM,F,434,670,64.77611940298507,58.46847945372515,6.307639949259922
3684,2024.5,CHEM,M,232,670,34.626865671641795,40.89745153030118,-6.270585858659388
3685,2024.5,CHEM,U,4,670,0.5970149253731344,0.6340690159736617,-0.037054090600527334
3686,2024.5,CHIN,F,14,25,56.00000000000001,58.46847945372515,-2.468479453725145
3687,2024.5,CHIN,M,11,25,44.0,40.89745153030118,3.1025484696988173
3688,2024.5,CLAS,F,15,29,51.724137931034484,58.46847945372515,-6.744341522690668
3689,2024.5,CLAS,M,13,29,44.827586206896555,40.89745153030118,3.9301346765953724
3690,2024.5,CLAS,U,1,29,3.4482758620689653,0.6340690159736617,2.8142068460953036
3691,2024.5,CS,F,75,217,34.56221198156682,58.46847945372515,-23.906267472158333
3692,2024.5,CS,M,142,217,65.43778801843318,40.89745153030118,24.540336488132
3693,2024.5,ECON,F,114,363,31.40495867768595,58.46847945372515,-27.0635207760392
3694,2024.5,ECON,M,249,363,68.59504132231406,40.89745153030118,27.697589792012877
3695,2024.5,ENGL,F,189,272,69.48529411764706,58.46847945372515,11.016814663921906
3696,2024.5,ENGL,M,71,272,26.10294117647059,40.89745153030118,-14.794510353830592
3697,2024.5,ENGL,U,12,272,4.411764705882353,0.6340690159736617,3.7776956899086915
3698,2024.5,ENVS,F,174,247,70.44534412955466,58.46847945372515,11.976864675829503
3699,2024.5,ENVS,M,73,247,29.554655870445345,40.89745153030118,-11.342795659855838
3700,2024.5,FMS,F,79,156,50.641025641025635,58.46847945372515,-7.827453812699517
3701,2024.5,FMS,M,77,156,49.358974358974365,40.89745153030118,8.461522828673182
3702,2024.5,FREN,F,26,44,59.09090909090909,58.46847945372515,0.6224296371839415
3703,2024.5,FREN,M,18,44,40.909090909090914,40.89745153030118,0.01163937878973087
3704,2024.5,GENS,F,237,406,58.3743842364532,58.46847945372515,-0.09409521727194914
3705,2024.5,GENS,M,165,406,40.64039408866995,40.89745153030118,-0.25705744163123256
3706,2024.5,GENS,U,4,406,0.9852216748768473,0.6340690159736617,0.3511526589031856
3707,2024.5,GEOL,F,162,310,52.25806451612903,58.46847945372515,-6.21041493759612
3708,2024.5,GEOL,M,144,310,46.45161290322581,40.89745153030118,5.554161372924625
3709,2024.5,GEOL,U,4,310,1.2903225806451613,0.6340690159736617,0.6562535646714995
3710,2024.5,GERM,F,23,47,48.93617021276596,58.46847945372515,-9.532309240959194
3711,2024.5,GERM,M,24,47,51.06382978723404,40.89745153030118,10.166378256932859
3712,2024.5,GLIT,F,9,21,42.857142857142854,58.46847945372515,-15.611336596582298
3713,2024.5,GLIT,M,11,21,52.38095238095239,40.89745153030118,11.483500850651204
3714,2024.5,GLIT,U,1,21,4.761904761904762,0.6340690159736617,4.1278357459311
3715,2024.5,GNDS,F,31,36,86.11111111111111,58.46847945372515,27.642631657385962
3716,2024.5,GNDS,M,5,36,13.88888888888889,40.89745153030118,-27.008562641412293
3717,2024.5,GREK,F,9,14,64.28571428571429,58.46847945372515,5.81723483198914
3718,2024.5,GREK,M,5,14,35.714285714285715,40.89745153030118,-5.183165816015467
3719,2024.5,HCD,F,9,20,45.0,58.46847945372515,-13.468479453725152
3720,2024.5,HCD,M,11,20,55.00000000000001,40.89745153030118,14.102548469698824
3721,2024.5,HISP,F,88,134,65.67164179104478,58.46847945372515,7.203162337319625
3722,2024.5,HISP,M,45,134,33.582089552238806,40.89745153030118,-7.315361978062377
3723,2024.5,HISP,U,1,134,0.7462686567164178,0.6340690159736617,0.11219964074275612
3724,2024.5,HIST,F,128,248,51.61290322580645,58.46847945372515,-6.855576227918704
3725,2024.5,HIST,M,120,248,48.38709677419355,40.89745153030118,7.489645243892369
3726,2024.5,IDSC,F,75,106,70.75471698113208,58.46847945372515,12.286237527406925
3727,2024.5,IDSC,M,31,106,29.245283018867923,40.89745153030118,-11.65216851143326
3728,2024.5,IRES,F,26,34,76.47058823529412,58.46847945372515,18.002108781568964
3729,2024.5,IRES,M,7,34,20.588235294117645,40.89745153030118,-20.309216236183538
3730,2024.5,IRES,U,1,34,2.941176470588235,0.6340690159736617,2.3071074546145733
3731,2024.5,JPNS,F,12,36,33.33333333333333,58.46847945372515,-25.135146120391823
3732,2024.5,JPNS,M,22,36,61.111111111111114,40.89745153030118,20.21365958080993
3733,2024.5,JPNS,U,2,36,5.555555555555555,0.6340690159736617,4.921486539581894
3734,2024.5,LAT,F,9,15,60.0,58.46847945372515,1.531520546274848
3735,2024.5,LAT,M,6,15,40.0,40.89745153030118,-0.8974515303011827
3736,2024.5,LIBR,F,17,29,58.620689655172406,58.46847945372515,0.15221020144725372
3737,2024.5,LIBR,M,11,29,37.93103448275862,40.89745153030118,-2.9664170475425635
3738,2024.5,LIBR,U,1,29,3.4482758620689653,0.6340690159736617,2.8142068460953036
3739,2024.5,MATH,F,191,406,47.04433497536946,58.46847945372515,-11.424144478355693
3740,2024.5,MATH,M,213,406,52.463054187192114,40.89745153030118,11.565602656890931
3741,2024.5,MATH,U,2,406,0.49261083743842365,0.6340690159736617,-0.14145817853523807
3742,2024.5,MUS,F,303,573,52.879581151832454,58.46847945372515,-5.588898301892698
3743,2024.5,MUS,M,268,573,46.77137870855148,40.89745153030118,5.873927178250298
3744,2024.5,MUS,U,2,573,0.34904013961605584,0.6340690159736617,-0.2850288763576059
3745,2024.5,PHIL,F,87,146,59.589041095890416,58.46847945372515,1.1205616421652635
3746,2024.5,PHIL,M,49,146,33.56164383561644,40.89745153030118,-7.335807694684746
3747,2024.5,PHIL,U,10,146,6.8493150684931505,0.6340690159736617,6.215246052519489
3748,2024.5,PHYS,F,111,275,40.36363636363636,58.46847945372515,-18.104843090088792
3749,2024.5,PHYS,M,164,275,59.63636363636363,40.89745153030118,18.73891210606245
3750,2024.5,POL,F,118,205,57.56097560975609,58.46847945372515,-0.9075038439690601
3751,2024.5,POL,M,87,205,42.4390243902439,40.89745153030118,1.5415728599427183
3752,2024.5,PSYC,F,332,473,70.19027484143763,58.46847945372515,11.721795387712476
3753,2024.5,PSYC,M,141,473,29.809725158562365,40.89745153030118,-11.087726371738817
3754,2024.5,REL,F,41,72,56.94444444444444,58.46847945372515,-1.5240350092807091
3755,2024.5,REL,M,30,72,41.66666666666667,40.89745153030118,0.7692151363654887
3756,2024.5,REL,U,1,72,1.3888888888888888,0.6340690159736617,0.7548198729152271
3757,2024.5,RWPD,F,156,272,57.35294117647059,58.46847945372515,-1.115538277254565
3758,2024.5,RWPD,M,114,272,41.911764705882355,40.89745153030118,1.0143131755811723
3759,2024.5,RWPD,U,2,272,0.7352941176470588,0.6340690159736617,0.10122510167339704
3760,2024.5,SJ,F,17,19,89.47368421052632,58.46847945372515,31.005204756801163
3761,2024.5,SJ,M,1,19,5.263157894736842,40.89745153030118,-35.63429363556434
3762,2024.5,SJ,U,1,19,5.263157894736842,0.6340690159736617,4.62908887876318
3763,2024.5,SOC,F,118,189,62.43386243386243,58.46847945372515,3.965382980137278
3764,2024.5,SOC,M,70,189,37.03703703703704,40.89745153030118,-3.8604144932641447
3765,2024.5,SOC,U,1,189,0.5291005291005291,0.6340690159736617,-0.10496848687313265
3766,2024.5,SSRA,F,383,649,59.01386748844376,58.46847945372515,0.5453880347186058
3767,2024.5,SSRA,M,265,649,40.83204930662558,40.89745153030118,-0.06540222367560489
3768,2024.5,SSRA,U,1,649,0.15408320493066258,0.6340690159736617,-0.47998581104299914
3769,2024.5,THDN,F,186,252,73.80952380952381,58.46847945372515,15.341044355798658
3770,2024.5,THDN,M,65,252,25.793650793650798,40.89745153030118,-15.103800736650385
3771,2024.5,THDN,U,1,252,0.3968253968253968,0.6340690159736617,-0.23724361914826492
3772,2025.0,AMES,F,6,15,40.0,57.358294331773266,-17.358294331773266
3773,2025.0,AMES,M,9,15,60.0,42.264690587623505,17.735309412376495
3774,2025.0,ANTH,F,67,116,57.758620689655174,57.358294331773266,0.40032635788190873
3775,2025.0,ANTH,M,49,116,42.241379310344826,42.264690587623505,-0.023311277278679654
3776,2025.0,ARTH,F,33,53,62.264150943396224,57.358294331773266,4.9058566116229585
3777,2025.0,ARTH,M,20,53,37.735849056603776,42.264690587623505,-4.528841531019729
3778,2025.0,ARTS,F,159,216,73.61111111111111,57.358294331773266,16.25281677933785
3779,2025.0,ARTS,M,56,216,25.925925925925924,42.264690587623505,-16.33876466169758
3780,2025.0,ARTS,U,1,216,0.4629629629629629,0.3770150806032241,0.08594788235973883
3781,2025.0,ASTR,F,57,131,43.51145038167939,57.358294331773266,-13.846843950093877
3782,2025.0,ASTR,M,72,131,54.961832061068705,42.264690587623505,12.6971414734452
3783,2025.0,ASTR,U,2,131,1.5267175572519083,0.3770150806032241,1.149702476648684
3784,2025.0,BBAC,F,18,25,72.0,57.358294331773266,14.641705668226734
3785,2025.0,BBAC,M,7,25,28.000000000000004,42.264690587623505,-14.264690587623502
3786,2025.0,BBMB,F,36,71,50.70422535211267,57.358294331773266,-6.654068979660593
3787,2025.0,BBMB,M,35,71,49.29577464788733,42.264690587623505,7.031084060263822
3788,2025.0,BIOL,F,413,578,71.45328719723183,57.358294331773266,14.094992865458565
3789,2025.0,BIOL,M,165,578,28.546712802768166,42.264690587623505,-13.71797778485534
3790,2025.0,CHEM,F,335,495,67.67676767676768,57.358294331773266,10.318473344994416
3791,2025.0,CHEM,M,160,495,32.323232323232325,42.264690587623505,-9.94145826439118
3792,2025.0,CHIN,F,12,20,60.0,57.358294331773266,2.6417056682267344
3793,2025.0,CHIN,M,8,20,40.0,42.264690587623505,-2.2646905876235053
3794,2025.0,CLAS,F,28,36,77.77777777777779,57.358294331773266,20.41948344600452
3795,2025.0,CLAS,M,8,36,22.22222222222222,42.264690587623505,-20.042468365401284
3796,2025.0,CS,F,99,296,33.44594594594595,57.358294331773266,-23.912348385827315
3797,2025.0,CS,M,197,296,66.55405405405406,42.264690587623505,24.289363466430558
3798,2025.0,ECON,F,112,384,29.166666666666668,57.358294331773266,-28.191627665106598
3799,2025.0,ECON,M,272,384,70.83333333333334,42.264690587623505,28.568642745709838
3800,2025.0,ENGL,F,133,190,70.0,57.358294331773266,12.641705668226734
3801,2025.0,ENGL,M,56,190,29.47368421052631,42.264690587623505,-12.791006377097194
3802,2025.0,ENGL,U,1,190,0.5263157894736842,0.3770150806032241,0.1493007088704601
3803,2025.0,ENVS,F,157,248,63.306451612903224,57.358294331773266,5.948157281129959
3804,2025.0,ENVS,M,88,248,35.483870967741936,42.264690587623505,-6.780819619881569
3805,2025.0,ENVS,U,3,248,1.2096774193548387,0.3770150806032241,0.8326623387516147
3806,2025.0,FMS,F,70,135,51.85185185185185,57.358294331773266,-5.506442479921418
3807,2025.0,FMS,M,65,135,48.148148148148145,42.264690587623505,5.88345756052464
3808,2025.0,FREN,F,25,38,65.78947368421053,57.358294331773266,8.431179352437269
3809,2025.0,FREN,M,12,38,31.57894736842105,42.264690587623505,-10.685743219202454
3810,2025.0,FREN,U,1,38,2.631578947368421,0.3770150806032241,2.2545638667651966
3811,2025.0,GENS,F,218,375,58.13333333333334,57.358294331773266,0.7750390015600743
3812,2025.0,GENS,M,153,375,40.8,42.264690587623505,-1.4646905876235081
3813,2025.0,GENS,U,4,375,1.0666666666666667,0.3770150806032241,0.6896515860634426
3814,2025.0,GEOL,F,175,312,56.08974358974359,57.358294331773266,-1.2685507420296744
3815,2025.0,GEOL,M,137,312,43.91025641025641,42.264690587623505,1.6455658226329035
3816,2025.0,GERM,F,25,45,55.55555555555556,57.358294331773266,-1.8027387762177085
3817,2025.0,GERM,M,20,45,44.44444444444444,42.264690587623505,2.1797538568209376
3818,2025.0,GLIT,F,9,10,90.0,57.358294331773266,32.641705668226734
3819,2025.0,GLIT,M,1,10,10.0,42.264690587623505,-32.264690587623505
3820,2025.0,GNDS,F,30,35,85.71428571428571,57.358294331773266,28.355991382512443
3821,2025.0,GNDS,M,5,35,14.285714285714285,42.264690587623505,-27.97897630190922
3822,2025.0,HCD,F,10,18,55.55555555555556,57.358294331773266,-1.8027387762177085
3823,2025.0,HCD,M,8,18,44.44444444444444,42.264690587623505,2.1797538568209376
3824,2025.0,HISP,F,63,92,68.47826086956522,57.358294331773266,11.119966537791953
3825,2025.0,HISP,M,29,92,31.521739130434785,42.264690587623505,-10.74295145718872
3826,2025.0,HIST,F,95,178,53.37078651685393,57.358294331773266,-3.987507814919333
3827,2025.0,HIST,M,81,178,45.50561797752809,42.264690587623505,3.2409273899045843
3828,2025.0,HIST,U,2,178,1.1235955056179776,0.3770150806032241,0.7465804250147535
3829,2025.0,IDSC,F,30,56,53.57142857142857,57.358294331773266,-3.7868657603446962
3830,2025.0,IDSC,M,26,56,46.42857142857143,42.264690587623505,4.163880840947925
3831,2025.0,IRES,F,34,61,55.73770491803278,57.358294331773266,-1.6205894137404826
3832,2025.0,IRES,M,26,61,42.62295081967213,42.264690587623505,0.3582602320486217
3833,2025.0,IRES,U,1,61,1.639344262295082,0.3770150806032241,1.2623291816918578
3834,2025.0,JPNS,F,23,47,48.93617021276596,57.358294331773266,-8.422124119007307
3835,2025.0,JPNS,M,23,47,48.93617021276596,42.264690587623505,6.671479625142453
3836,2025.0,JPNS,U,1,47,2.127659574468085,0.3770150806032241,1.7506444938648609
3837,2025.0,LIBR,F,17,27,62.96296296296296,57.358294331773266,5.604668631189696
3838,2025.0,LIBR,M,10,27,37.03703703703704,42.264690587623505,-5.227653550586467
3839,2025.0,MATH,F,155,325,47.69230769230769,57.358294331773266,-9.665986639465572
3840,2025.0,MATH,M,169,325,52.0,42.264690587623505,9.735309412376495
3841,2025.0,MATH,U,1,325,0.3076923076923077,0.3770150806032241,-0.06932277291091637
3842,2025.0,MUS,F,301,553,54.43037974683544,57.358294331773266,-2.927914584937824
3843,2025.0,MUS,M,252,553,45.56962025316456,42.264690587623505,3.304929665541053
3844,2025.0,PHIL,F,71,162,43.82716049382716,57.358294331773266,-13.531133837946108
3845,2025.0,PHIL,M,82,162,50.617283950617285,42.264690587623505,8.35259336299378
3846,2025.0,PHIL,U,9,162,5.555555555555555,0.3770150806032241,5.178540474952332
3847,2025.0,PHYS,F,116,281,41.281138790035584,57.358294331773266,-16.07715554173768
3848,2025.0,PHYS,M,165,281,58.718861209964416,42.264690587623505,16.45417062234091
3849,2025.0,POL,F,114,196,58.16326530612245,57.358294331773266,0.8049709743491817
3850,2025.0,POL,M,82,196,41.83673469387755,42.264690587623505,-0.42795589374595266
3851,2025.0,PSYC,F,262,367,71.38964577656675,57.358294331773266,14.031351444793486
3852,2025.0,PSYC,M,105,367,28.610354223433244,42.264690587623505,-13.65433636419026
3853,2025.0,REL,F,37,71,52.112676056338024,57.358294331773266,-5.245618275435241
3854,2025.0,REL,M,33,71,46.478873239436616,42.264690587623505,4.214182651813111
3855,2025.0,REL,U,1,71,1.4084507042253522,0.3770150806032241,1.0314356236221283
3856,2025.0,RWPD,F,109,169,64.49704142011834,57.358294331773266,7.13874708834507
3857,2025.0,RWPD,M,59,169,34.9112426035503,42.264690587623505,-7.353447984073206
3858,2025.0,RWPD,U,1,169,0.591715976331361,0.3770150806032241,0.2147008957281369
3859,2025.0,SOC,F,170,262,64.8854961832061,57.358294331773266,7.527201851432835
3860,2025.0,SOC,M,92,262,35.11450381679389,42.264690587623505,-7.150186770829613
3861,2025.0,SSRA,F,427,748,57.085561497326196,57.358294331773266,-0.2727328344470692
3862,2025.0,SSRA,M,320,748,42.780748663101605,42.264690587623505,0.5160580754780995
3863,2025.0,SSRA,U,1,748,0.1336898395721925,0.3770150806032241,-0.2433252410310316
3864,2025.0,THDN,F,151,241,62.655601659751035,57.358294331773266,5.297307327977769
3865,2025.0,THDN,M,90,241,37.344398340248965,42.264690587623505,-4.92029224737454
3866,2025.5,ANTH,F,42,81,51.85185185185185,61.13542739443872,-9.283575542586874
3867,2025.5,ANTH,M,39,81,48.148148148148145,38.117919670442845,10.0302284777053
3868,2025.5,ARTH,F,61,87,70.11494252873564,61.13542739443872,8.979515134296918
3869,2025.5,ARTH,M,26,87,29.88505747126437,38.117919670442845,-8.232862199178474
3870,2025.5,ARTS,F,121,174,69.54022988505747,61.13542739443872,8.40480249061875
3871,2025.5,ARTS,M,46,174,26.436781609195403,38.117919670442845,-11.681138061247442
3872,2025.5,ARTS,U,7,174,4.022988505747127,0.7466529351184346,3.2763355706286923
3873,2025.5,ASTR,F,71,162,43.82716049382716,61.13542739443872,-17.308266900611564
3874,2025.5,ASTR,M,91,162,56.17283950617284,38.117919670442845,18.054919835729997
3875,2025.5,BBAC,F,11,17,64.70588235294117,61.13542739443872,3.5704549585024523
3876,2025.5,BBAC,M,6,17,35.294117647058826,38.117919670442845,-2.823802023384019
3877,2025.5,BBMB,F,57,96,59.375,61.13542739443872,-1.7604273944387216
3878,2025.5,BBMB,M,39,96,40.625,38.117919670442845,2.507080329557155
3879,2025.5,BIOL,F,373,514,72.568093385214,61.13542739443872,11.432665990775277
3880,2025.5,BIOL,M,141,514,27.431906614785994,38.117919670442845,-10.68601305565685
3881,2025.5,CHEM,F,465,687,67.68558951965066,61.13542739443872,6.550162125211941
3882,2025.5,CHEM,M,219,687,31.877729257641924,38.117919670442845,-6.240190412800921
3883,2025.5,CHEM,U,3,687,0.43668122270742354,0.7466529351184346,-0.309971712411011
3884,2025.5,CHIN,F,18,27,66.66666666666666,61.13542739443872,5.5312392722279355
3885,2025.5,CHIN,M,9,27,33.33333333333333,38.117919670442845,-4.784586337109516
3886,2025.5,CLAS,F,16,24,66.66666666666666,61.13542739443872,5.5312392722279355
3887,2025.5,CLAS,M,8,24,33.33333333333333,38.117919670442845,-4.784586337109516
3888,2025.5,CS,F,95,213,44.60093896713615,61.13542739443872,-16.53448842730257
3889,2025.5,CS,M,118,213,55.39906103286385,38.117919670442845,17.281141362421003
3890,2025.5,ECON,F,130,364,35.714285714285715,61.13542739443872,-25.421141680153006
3891,2025.5,ECON,M,234,364,64.28571428571429,38.117919670442845,26.167794615271447
3892,2025.5,ENGL,F,184,256,71.875,61.13542739443872,10.739572605561278
3893,2025.5,ENGL,M,69,256,26.953125,38.117919670442845,-11.164794670442845
3894,2025.5,ENGL,U,3,256,1.171875,0.7466529351184346,0.42522206488156544
3895,2025.5,ENVS,F,197,295,66.77966101694915,61.13542739443872,5.644233622510427
3896,2025.5,ENVS,M,97,295,32.88135593220339,38.117919670442845,-5.236563738239454
3897,2025.5,ENVS,U,1,295,0.3389830508474576,0.7466529351184346,-0.40766988427097695
3898,2025.5,FMS,F,87,170,51.17647058823529,61.13542739443872,-9.958956806203432
3899,2025.5,FMS,M,78,170,45.88235294117647,38.117919670442845,7.764433270733626
3900,2025.5,FMS,U,5,170,2.941176470588235,0.7466529351184346,2.1945235354698003
3901,2025.5,FREN,F,28,42,66.66666666666666,61.13542739443872,5.5312392722279355
3902,2025.5,FREN,M,13,42,30.952380952380953,38.117919670442845,-7.165538718061892
3903,2025.5,FREN,U,1,42,2.380952380952381,0.7466529351184346,1.6342994458339464
3904,2025.5,GENS,F,252,391,64.45012787723785,61.13542739443872,3.3147004827991253
3905,2025.5,GENS,M,137,391,35.0383631713555,38.117919670442845,-3.079556499087346
3906,2025.5,GENS,U,2,391,0.5115089514066496,0.7466529351184346,-0.2351439837117849
3907,2025.5,GEOL,F,137,238,57.56302521008403,61.13542739443872,-3.5724021843546936
3908,2025.5,GEOL,M,100,238,42.016806722689076,38.117919670442845,3.8988870522462307
3909,2025.5,GEOL,U,1,238,0.42016806722689076,0.7466529351184346,-0.3264848678915438
3910,2025.5,GERM,F,24,39,61.53846153846154,61.13542739443872,0.40303414402281845
3911,2025.5,GERM,M,15,39,38.46153846153847,38.117919670442845,0.3436187910956221
3912,2025.5,GLIT,F,9,16,56.25,61.13542739443872,-4.885427394438722
3913,2025.5,GLIT,M,7,16,43.75,38.117919670442845,5.632080329557155
3914,2025.5,GNDS,F,24,30,80.0,61.13542739443872,18.86457260556128
3915,2025.5,GNDS,M,6,30,20.0,38.117919670442845,-18.117919670442845
3916,2025.5,HCD,F,8,16,50.0,61.13542739443872,-11.135427394438722
3917,2025.5,HCD,M,6,16,37.5,38.117919670442845,-0.6179196704428449
3918,2025.5,HCD,U,2,16,12.5,0.7466529351184346,11.753347064881565
3919,2025.5,HISP,F,89,133,66.9172932330827,61.13542739443872,5.781865838643981
3920,2025.5,HISP,M,44,133,33.08270676691729,38.117919670442845,-5.035212903525554
3921,2025.5,HIST,F,111,218,50.917431192660544,61.13542739443872,-10.217996201778178
3922,2025.5,HIST,M,107,218,49.08256880733945,38.117919670442845,10.964649136896604
3923,2025.5,IDSC,F,59,90,65.55555555555556,61.13542739443872,4.4201281611168355
3924,2025.5,IDSC,M,30,90,33.33333333333333,38.117919670442845,-4.784586337109516
3925,2025.5,IDSC,U,1,90,1.1111111111111112,0.7466529351184346,0.3644581759926766
3926,2025.5,IRES,F,37,58,63.793103448275865,61.13542739443872,2.657676053837143
3927,2025.5,IRES,M,20,58,34.48275862068966,38.117919670442845,-3.6351610497531865
3928,2025.5,IRES,U,1,58,1.7241379310344827,0.7466529351184346,0.9774849959160481
3929,2025.5,JPNS,F,25,46,54.347826086956516,61.13542739443872,-6.7876013074822055
3930,2025.5,JPNS,M,19,46,41.30434782608695,38.117919670442845,3.1864281556441085
3931,2025.5,JPNS,U,2,46,4.3478260869565215,0.7466529351184346,3.601173151838087
3932,2025.5,LAT,F,20,31,64.51612903225806,61.13542739443872,3.3807016378193424
3933,2025.5,LAT,M,10,31,32.25806451612903,38.117919670442845,-5.859855154313813
3934,2025.5,LAT,U,1,31,3.225806451612903,0.7466529351184346,2.4791535164944687
3935,2025.5,LIBR,F,11,14,78.57142857142857,61.13542739443872,17.436001176989848
3936,2025.5,LIBR,M,2,14,14.285714285714285,38.117919670442845,-23.83220538472856
3937,2025.5,LIBR,U,1,14,7.142857142857142,0.7466529351184346,6.396204207738708
3938,2025.5,MATH,F,179,375,47.733333333333334,61.13542739443872,-13.402094061105387
3939,2025.5,MATH,M,192,375,51.2,38.117919670442845,13.082080329557158
3940,2025.5,MATH,U,4,375,1.0666666666666667,0.7466529351184346,0.3200137315482321
3941,2025.5,MUS,F,311,510,60.98039215686275,61.13542739443872,-0.15503523757597293
3942,2025.5,MUS,M,197,510,38.62745098039216,38.117919670442845,0.5095313099493168
3943,2025.5,MUS,U,2,510,0.39215686274509803,0.7466529351184346,-0.3544960723733365
3944,2025.5,PHIL,F,66,125,52.800000000000004,61.13542739443872,-8.335427394438717
3945,2025.5,PHIL,M,46,125,36.8,38.117919670442845,-1.3179196704428477
3946,2025.5,PHIL,U,13,125,10.4,0.7466529351184346,9.653347064881565
3947,2025.5,PHYS,F,156,339,46.017699115044245,61.13542739443872,-15.117728279394477
3948,2025.5,PHYS,M,183,339,53.98230088495575,38.117919670442845,15.864381214512903
3949,2025.5,POL,F,130,217,59.907834101382484,61.13542739443872,-1.2275932930562377
3950,2025.5,POL,M,85,217,39.1705069124424,38.117919670442845,1.0525872419995537
3951,2025.5,POL,U,2,217,0.9216589861751152,0.7466529351184346,0.17500605105668066
3952,2025.5,PSYC,F,326,446,73.09417040358744,61.13542739443872,11.95874300914872
3953,2025.5,PSYC,M,120,446,26.905829596412556,38.117919670442845,-11.21209007403029
3954,2025.5,REL,F,47,79,59.49367088607595,61.13542739443872,-1.641756508362775
3955,2025.5,REL,M,31,79,39.24050632911392,38.117919670442845,1.122586658671075
3956,2025.5,REL,U,1,79,1.2658227848101267,0.7466529351184346,0.5191698496916921
3957,2025.5,RWPD,F,93,131,70.99236641221374,61.13542739443872,9.85693901777502
3958,2025.5,RWPD,M,36,131,27.480916030534353,38.117919670442845,-10.637003639908492
3959,2025.5,RWPD,U,2,131,1.5267175572519083,0.7466529351184346,0.7800646221334737
3960,2025.5,SOC,F,158,232,68.10344827586206,61.13542739443872,6.968020881423342
3961,2025.5,SOC,M,74,232,31.896551724137932,38.117919670442845,-6.2213679463049125
3962,2025.5,SSRA,F,365,586,62.28668941979522,61.13542739443872,1.1512620253565018
3963,2025.5,SSRA,M,218,586,37.20136518771331,38.117919670442845,-0.9165544827295378
3964,2025.5,SSRA,U,3,586,0.5119453924914675,0.7466529351184346,-0.23470754262696703
3965,2025.5,THDN,F,155,196,79.08163265306123,61.13542739443872,17.946205258622513
3966,2025.5,THDN,M,41,196,20.918367346938776,38.117919670442845,-17.19955232350407
3967,2026.0,ANTH,F,70,98,71.42857142857143,60.55363321799308,10.87493821057835
3968,2026.0,ANTH,M,28,98,28.57142857142857,38.634548842161294,-10.063120270732725
3969,2026.0,ARTH,F,80,99,80.8080808080808,60.55363321799308,20.25444759008772
3970,2026.0,ARTH,M,19,99,19.19191919191919,38.634548842161294,-19.442629650242104
3971,2026.0,ARTS,F,161,205,78.53658536585367,60.55363321799308,17.982952147860587
3972,2026.0,ARTS,M,44,205,21.463414634146343,38.634548842161294,-17.17113420801495
3973,2026.0,ASTR,F,40,75,53.333333333333336,60.55363321799308,-7.220299884659745
3974,2026.0,ASTR,M,35,75,46.666666666666664,38.634548842161294,8.03211782450537
3975,2026.0,BBAC,F,22,32,68.75,60.55363321799308,8.196366782006919
3976,2026.0,BBAC,M,10,32,31.25,38.634548842161294,-7.384548842161294
3977,2026.0,BBMB,F,62,107,57.943925233644855,60.55363321799308,-2.6097079843482263
3978,2026.0,BBMB,M,45,107,42.05607476635514,38.634548842161294,3.421525924193844
3979,2026.0,BIOL,F,496,688,72.09302325581395,60.55363321799308,11.539390037820866
3980,2026.0,BIOL,M,192,688,27.906976744186046,38.634548842161294,-10.727572097975248
3981,2026.0,CHEM,F,346,494,70.04048582995951,60.55363321799308,9.486852611966427
3982,2026.0,CHEM,M,148,494,29.959514170040485,38.634548842161294,-8.675034672120809
3983,2026.0,CHIN,F,20,28,71.42857142857143,60.55363321799308,10.87493821057835
3984,2026.0,CHIN,M,8,28,28.57142857142857,38.634548842161294,-10.063120270732725
3985,2026.0,CLAS,F,28,50,56.00000000000001,60.55363321799308,-4.553633217993074
3986,2026.0,CLAS,M,22,50,44.0,38.634548842161294,5.365451157838706
3987,2026.0,CS,F,107,252,42.46031746031746,60.55363321799308,-18.09331575767562
3988,2026.0,CS,M,144,252,57.14285714285714,38.634548842161294,18.508308300695845
3989,2026.0,CS,U,1,252,0.3968253968253968,0.8118179398456215,-0.41499254302022465
3990,2026.0,ECON,F,98,327,29.96941896024465,60.55363321799308,-30.58421425774843
3991,2026.0,ECON,M,228,327,69.72477064220183,38.634548842161294,31.09022180004054
3992,2026.0,ECON,U,1,327,0.3058103975535168,0.8118179398456215,-0.5060075422921047
3993,2026.0,ENGL,F,129,191,67.5392670157068,60.55363321799308,6.985633797713717
3994,2026.0,ENGL,M,57,191,29.84293193717277,38.634548842161294,-8.791616904988523
3995,2026.0,ENGL,U,5,191,2.6178010471204187,0.8118179398456215,1.8059831072747974
3996,2026.0,ENVS,F,84,136,61.76470588235294,60.55363321799308,1.211072664359861
3997,2026.0,ENVS,M,52,136,38.23529411764706,38.634548842161294,-0.39925472451423616
3998,2026.0,FMS,F,79,183,43.169398907103826,60.55363321799308,-17.384234310889255
3999,2026.0,FMS,M,104,183,56.830601092896174,38.634548842161294,18.19605225073488
4000,2026.0,FREN,F,18,29,62.06896551724138,60.55363321799308,1.5153322992482998
4001,2026.0,FREN,M,11,29,37.93103448275862,38.634548842161294,-0.7035143594026749
4002,2026.0,GENS,F,251,391,64.19437340153452,60.55363321799308,3.640740183541439
4003,2026.0,GENS,M,138,391,35.294117647058826,38.634548842161294,-3.340431195102468
4004,2026.0,GENS,U,2,391,0.5115089514066496,0.8118179398456215,-0.3003089884389718
4005,2026.0,GEOL,F,192,332,57.831325301204814,60.55363321799308,-2.7223079167882673
4006,2026.0,GEOL,M,136,332,40.963855421686745,38.634548842161294,2.3293065795254506
4007,2026.0,GEOL,U,4,332,1.2048192771084338,0.8118179398456215,0.3930013372628124
4008,2026.0,GERM,F,26,42,61.904761904761905,60.55363321799308,1.3511286867688241
4009,2026.0,GERM,M,16,42,38.095238095238095,38.634548842161294,-0.5393107469231992
4010,2026.0,GNDS,F,19,25,76.0,60.55363321799308,15.446366782006919
4011,2026.0,GNDS,M,6,25,24.0,38.634548842161294,-14.634548842161294
4012,2026.0,HCD,F,7,14,50.0,60.55363321799308,-10.553633217993081
4013,2026.0,HCD,M,7,14,50.0,38.634548842161294,11.365451157838706
4014,2026.0,HISP,F,65,87,74.71264367816092,60.55363321799308,14.159010460167835
4015,2026.0,HISP,M,22,87,25.287356321839084,38.634548842161294,-13.34719252032221
4016,2026.0,HIST,F,114,184,61.95652173913043,60.55363321799308,1.4028885211373492
4017,2026.0,HIST,M,69,184,37.5,38.634548842161294,-1.1345488421612941
4018,2026.0,HIST,U,1,184,0.5434782608695652,0.8118179398456215,-0.26833967897605626
4019,2026.0,IDSC,F,38,55,69.0909090909091,60.55363321799308,8.537275872916013
4020,2026.0,IDSC,M,11,55,20.0,38.634548842161294,-18.634548842161294
4021,2026.0,IDSC,U,6,55,10.909090909090908,0.8118179398456215,10.097272969245287
4022,2026.0,IRES,F,40,56,71.42857142857143,60.55363321799308,10.87493821057835
4023,2026.0,IRES,M,15,56,26.785714285714285,38.634548842161294,-11.84883455644701
4024,2026.0,IRES,U,1,56,1.7857142857142856,0.8118179398456215,0.9738963458686641
4025,2026.0,JPNS,F,23,46,50.0,60.55363321799308,-10.553633217993081
4026,2026.0,JPNS,M,21,46,45.65217391304348,38.634548842161294,7.017625070882183
4027,2026.0,JPNS,U,2,46,4.3478260869565215,0.8118179398456215,3.5360081471109
4028,2026.0,LAT,F,12,18,66.66666666666666,60.55363321799308,6.113033448673576
4029,2026.0,LAT,M,5,18,27.77777777777778,38.634548842161294,-10.856771064383516
4030,2026.0,LAT,U,1,18,5.555555555555555,0.8118179398456215,4.743737615709934
4031,2026.0,LIBR,F,16,27,59.25925925925925,60.55363321799308,-1.2943739587338285
4032,2026.0,LIBR,M,11,27,40.74074074074074,38.634548842161294,2.1061918985794463
4033,2026.0,MATH,F,137,319,42.94670846394985,60.55363321799308,-17.606924754043234
4034,2026.0,MATH,M,180,319,56.42633228840125,38.634548842161294,17.791783446239954
4035,2026.0,MATH,U,2,319,0.6269592476489028,0.8118179398456215,-0.1848586921967187
4036,2026.0,MUS,F,337,529,63.70510396975425,60.55363321799308,3.151470751761167
4037,2026.0,MUS,M,189,529,35.72778827977316,38.634548842161294,-2.9067605623881363
4038,2026.0,MUS,U,3,529,0.5671077504725899,0.8118179398456215,-0.24471018937303157
4039,2026.0,PHIL,F,77,150,51.33333333333333,60.55363321799308,-9.220299884659752
4040,2026.0,PHIL,M,60,150,40.0,38.634548842161294,1.3654511578387059
4041,2026.0,PHIL,U,13,150,8.666666666666668,0.8118179398456215,7.8548487268210465
4042,2026.0,PHYS,F,130,303,42.9042904290429,60.55363321799308,-17.64934278895018
4043,2026.0,PHYS,M,173,303,57.0957095709571,38.634548842161294,18.461160728795804
4044,2026.0,POL,F,111,203,54.679802955665025,60.55363321799308,-5.873830262328056
4045,2026.0,POL,M,90,203,44.33497536945813,38.634548842161294,5.700426527296834
4046,2026.0,POL,U,2,203,0.9852216748768473,0.8118179398456215,0.17340373503122586
4047,2026.0,PSYC,F,273,382,71.46596858638743,60.55363321799308,10.912335368394352
4048,2026.0,PSYC,M,109,382,28.534031413612563,38.634548842161294,-10.10051742854873
4049,2026.0,REL,F,55,89,61.79775280898876,60.55363321799308,1.2441195909956804
4050,2026.0,REL,M,33,89,37.07865168539326,38.634548842161294,-1.555897156768033
4051,2026.0,REL,U,1,89,1.1235955056179776,0.8118179398456215,0.31177756577235616
4052,2026.0,RWPD,F,58,105,55.23809523809524,60.55363321799308,-5.31553797989784
4053,2026.0,RWPD,M,46,105,43.80952380952381,38.634548842161294,5.174974967362516
4054,2026.0,RWPD,U,1,105,0.9523809523809524,0.8118179398456215,0.140563012535331
4055,2026.0,SJ,F,11,14,78.57142857142857,60.55363321799308,18.01779535343549
4056,2026.0,SJ,M,3,14,21.428571428571427,38.634548842161294,-17.205977413589867
4057,2026.0,SOC,F,142,225,63.11111111111111,60.55363321799308,2.557477893118026
4058,2026.0,SOC,M,71,225,31.555555555555554,38.634548842161294,-7.078993286605741
4059,2026.0,SOC,U,12,225,5.333333333333334,0.8118179398456215,4.521515393487713
4060,2026.0,SSRA,F,408,704,57.95454545454546,60.55363321799308,-2.5990877634476206
4061,2026.0,SSRA,M,293,704,41.61931818181818,38.634548842161294,2.9847693396568857
4062,2026.0,SSRA,U,3,704,0.4261363636363636,0.8118179398456215,-0.38568157620925786
4063,2026.0,THDN,F,159,204,77.94117647058823,60.55363321799308,17.38754325259515
4064,2026.0,THDN,M,45,204,22.058823529411764,38.634548842161294,-16.57572531274953
